{"stats":{"minecraft:dropped":{"hunting_delight:broken_bone":5,"minecraft:wheat_seeds":1},"minecraft:picked_up":{"minecraft:light_gray_bed":2,"minecraft:wheat_seeds":1,"hunting_delight:broken_bone":5,"minecraft:mutton":2,"minecraft:cobblestone":1},"minecraft:mined":{"minecraft:light_gray_bed":2},"minecraft:used":{"minecraft:wooden_sword":7,"minecraft:bread":2},"minecraft:killed":{"minecraft:sheep":1,"minecraft:bee":1,"apocalypsenow:looter_2":1,"apocalypsenow:looter_1":1},"minecraft:custom":{"minecraft:time_since_rest":4725,"minecraft:open_chest":3,"minecraft:play_time":4725,"minecraft:sprint_one_cm":16612,"minecraft:damage_taken":125,"minecraft:walk_one_cm":11443,"minecraft:sneak_time":25,"minecraft:walk_under_water_one_cm":1191,"minecraft:mob_kills":2,"minecraft:drop":2,"minecraft:jump":90,"minecraft:damage_dealt":241,"minecraft:time_since_death":4725,"minecraft:walk_on_water_one_cm":3840,"minecraft:total_world_time":4725,"minecraft:climb_one_cm":3808,"minecraft:swim_one_cm":8818,"minecraft:fall_one_cm":1045,"minecraft:fly_one_cm":18913}},"DataVersion":3120}