{"stats":{"minecraft:dropped":{"apocalypsenow:human_flesh":1,"minecraft:bread":2,"minecraft:bowl":1,"hunting_delight:humanmeat":2,"apocalypsenow:mo4_gas_mask_helmet":1,"minecraft:feather":1,"minecraft:cookie":1,"apocalypsenow:long_knife":1,"hunting_delight:broken_bone":17,"minecraft:book":1,"zombie_extreme:rotten_apple":1,"apocalypsenow:table_knife":1,"apocalypsenow:rolling_pin":1,"apocalypsenow:toy":1,"minecraft:birch_door":1,"apocalypsenow:glassbottle_2":1,"minecraft:paper":1,"apocalypsenow:glassbottle":1},"minecraft:custom":{"minecraft:mob_kills":5,"minecraft:open_barrel":11,"minecraft:leave_game":2,"minecraft:time_since_death":16352,"minecraft:sleep_in_bed":2,"minecraft:climb_one_cm":16859,"minecraft:time_since_rest":9964,"minecraft:sprint_one_cm":83703,"minecraft:damage_taken":651,"minecraft:walk_one_cm":94441,"minecraft:drop":19,"minecraft:damage_dealt":922,"minecraft:swim_one_cm":6453,"minecraft:fly_one_cm":162314,"minecraft:player_kills":1,"minecraft:open_chest":17,"minecraft:crouch_one_cm":407,"minecraft:play_time":29776,"minecraft:deaths":2,"minecraft:sneak_time":128,"minecraft:walk_under_water_one_cm":6022,"minecraft:jump":727,"minecraft:walk_on_water_one_cm":4052,"minecraft:total_world_time":29776,"minecraft:fall_one_cm":26493},"minecraft:killed_by":{"minecraft:player":1},"minecraft:picked_up":{"apocalypsenow:table_knife":2,"minecraft:birch_door":1,"minecraft:feather":1,"apocalypsenow:rolling_pin":1,"apocalypsenow:toy":1,"apocalypsenow:glassbottle_2":1,"zombie_extreme:pill_anti_hunger":1,"apocalypsenow:bigbackpack":1,"minecraft:gunpowder":1,"minecraft:red_bed":5,"apocalypsenow:canned_corn":2,"minecraft:bow":1,"apocalypsenow:human_flesh":1,"minecraft:spruce_planks":5,"apocalypsenow:broken_glass":2,"apocalypsenow:bottle":1,"apocalypsenow:rusty_boots":2,"apocalypsenow:red_crowbar":1,"minecraft:oak_planks":1,"apocalypsenow:cellphone":1,"apocalypsenow:trash":1,"hunting_delight:humanmeat":2,"minecraft:yellow_concrete":16,"zombie_extreme:dog_food":1,"apocalypsenow:long_knife":1,"minecraft:stripped_spruce_log":3,"minecraft:cookie":1,"apocalypsenow:glassbottle":1,"apocalypsenow:foam":1,"minecraft:light_gray_bed":2,"minecraft:rotten_flesh":8,"apocalypsenow:comb":1,"apocalypsenow:mo4_gas_mask_helmet":1,"minecraft:hay_block":46,"minecraft:iron_helmet":1,"zombie_extreme:rotten_apple":1,"hunting_delight:broken_bone":23,"projectvibrantjourneys:cattail":1,"apocalypsenow:newspaper":1},"minecraft:used":{"apocalypsenow:red_crowbar":28,"minecraft:oak_planks":1,"zombie_extreme:chips":1,"minecraft:red_bed":4,"minecraft:bread":2,"minecraft:light_gray_bed":2},"minecraft:killed":{"apocalypsenow:looter_1":1,"apocalypsenow:walker_29":1,"apocalypsenow:walker_16":1,"minecraft:zombie":1,"apocalypsenow:walker_12":1},"minecraft:mined":{"minecraft:light_gray_stained_glass_pane":1,"minecraft:glass_pane":2,"minecraft:red_bed":5,"minecraft:light_gray_bed":2,"minecraft:hay_block":46,"projectvibrantjourneys:short_grass":1}},"DataVersion":3120}