{"stats":{"minecraft:dropped":{"minecraft:wheat_seeds":1,"hunting_delight:humanmeat":2,"hunting_delight:broken_bone":5},"minecraft:picked_up":{"bunker_down:brittle_pickaxe":3,"hunting_delight:humanmeat":2,"minecraft:oak_log":6,"minecraft:shield":2,"minecraft:gunpowder":9,"minecraft:dirt":7,"minecraft:leather_boots":2,"minecraft:rotten_flesh":1,"minecraft:bone":4,"minecraft:light_gray_bed":6,"minecraft:wheat_seeds":7,"hunting_delight:broken_bone":30,"minecraft:cobweb":4,"minecraft:bread":4,"hunting_delight:worm":1,"minecraft:mutton":6,"minecraft:cobblestone":18},"minecraft:mined":{"minecraft:grass":3,"projectvibrantjourneys:short_grass":1,"minecraft:grass_block":8,"minecraft:oak_log":2,"minecraft:light_gray_bed":6,"minecraft:dirt":2,"minecraft:stone":11,"minecraft:oak_leaves":3},"minecraft:used":{"minecraft:bread":7,"minecraft:oak_planks":8,"minecraft:shield":5,"minecraft:wooden_sword":11,"minecraft:dirt":1,"minecraft:cobblestone":11,"bunker_down:brittle_pickaxe":11,"zombie_extreme:golf_club":1,"minecraft:light_gray_bed":5},"minecraft:crafted":{"minecraft:oak_planks":8},"minecraft:killed":{"minecraft:sheep":1,"minecraft:bee":1,"apocalypsenow:looter_1":1,"apocalypsenow:looter_2":1,"minecraft:creeper":1},"minecraft:killed_by":{"apocalypsenow:walker_1":2},"minecraft:custom":{"minecraft:time_since_rest":5022,"minecraft:sprint_one_cm":56902,"minecraft:walk_one_cm":37375,"minecraft:damage_taken":1017,"minecraft:damage_blocked_by_shield":40,"minecraft:mob_kills":2,"minecraft:drop":3,"minecraft:damage_dealt":382,"minecraft:swim_one_cm":15668,"minecraft:fly_one_cm":104426,"minecraft:open_chest":3,"minecraft:crouch_one_cm":2974,"minecraft:play_time":17691,"minecraft:deaths":2,"minecraft:sneak_time":733,"minecraft:walk_under_water_one_cm":5173,"minecraft:jump":518,"minecraft:leave_game":1,"minecraft:walk_on_water_one_cm":6424,"minecraft:time_since_death":4989,"minecraft:sleep_in_bed":2,"minecraft:climb_one_cm":4256,"minecraft:total_world_time":17691,"minecraft:fall_one_cm":16915}},"DataVersion":3120}