{"stats":{"minecraft:killed_by":{"thermal:blitz":1},"minecraft:custom":{"minecraft:time_since_rest":780,"minecraft:sprint_one_cm":33350,"minecraft:play_time":22077,"minecraft:walk_one_cm":14049,"minecraft:damage_taken":780,"minecraft:deaths":3,"minecraft:walk_under_water_one_cm":1737,"minecraft:drop":2,"minecraft:jump":427,"minecraft:leave_game":2,"minecraft:time_since_death":975,"minecraft:walk_on_water_one_cm":862,"minecraft:total_world_time":22077,"minecraft:swim_one_cm":6097,"minecraft:fall_one_cm":18547,"minecraft:fly_one_cm":103982},"minecraft:used":{"minecraft:dirt":1,"tombstone:gift":1},"minecraft:mined":{"minecraft:grass":1,"minecraft:grass_block":1,"minecraft:tall_grass":1,"minecraft:oak_leaves":4},"minecraft:dropped":{"tombstone:grave_dust":1,"tombstone:grave_key":1},"minecraft:picked_up":{"minecraft:dirt":1}},"DataVersion":3465}