{"stats":{"minecraft:dropped":{"minecraft:bread":2,"apocalypsenow:mo4_gas_mask_helmet":1,"minecraft:feather":1,"hunting_delight:broken_bone":2,"apocalypsenow:glassbottle":1},"minecraft:custom":{"minecraft:time_since_rest":4378,"minecraft:sprint_one_cm":31069,"minecraft:damage_taken":553,"minecraft:walk_one_cm":74278,"minecraft:mob_kills":4,"minecraft:drop":5,"minecraft:damage_dealt":589,"minecraft:swim_one_cm":3020,"minecraft:fly_one_cm":74145,"minecraft:player_kills":1,"minecraft:open_barrel":11,"minecraft:open_chest":8,"minecraft:crouch_one_cm":407,"minecraft:play_time":17776,"minecraft:deaths":2,"minecraft:sneak_time":127,"minecraft:walk_under_water_one_cm":5841,"minecraft:jump":326,"minecraft:leave_game":2,"minecraft:time_since_death":4352,"minecraft:walk_on_water_one_cm":3769,"minecraft:sleep_in_bed":1,"minecraft:total_world_time":17776,"minecraft:climb_one_cm":10623,"minecraft:fall_one_cm":10032},"minecraft:killed_by":{"minecraft:player":1},"minecraft:picked_up":{"apocalypsenow:trash":1,"apocalypsenow:cellphone":1,"apocalypsenow:table_knife":2,"minecraft:birch_door":1,"minecraft:feather":1,"minecraft:yellow_concrete":16,"hunting_delight:humanmeat":2,"apocalypsenow:rolling_pin":1,"apocalypsenow:toy":1,"zombie_extreme:dog_food":1,"apocalypsenow:long_knife":1,"apocalypsenow:glassbottle_2":1,"zombie_extreme:pill_anti_hunger":1,"minecraft:stripped_spruce_log":3,"minecraft:cookie":1,"apocalypsenow:glassbottle":1,"apocalypsenow:bigbackpack":1,"minecraft:gunpowder":1,"minecraft:red_bed":2,"apocalypsenow:foam":1,"apocalypsenow:canned_corn":2,"minecraft:light_gray_bed":2,"minecraft:rotten_flesh":6,"apocalypsenow:comb":1,"minecraft:bow":1,"apocalypsenow:human_flesh":1,"apocalypsenow:mo4_gas_mask_helmet":1,"minecraft:iron_helmet":1,"minecraft:spruce_planks":5,"minecraft:hay_block":36,"zombie_extreme:rotten_apple":1,"hunting_delight:broken_bone":20,"apocalypsenow:broken_glass":2,"apocalypsenow:bottle":1,"apocalypsenow:rusty_boots":2,"apocalypsenow:newspaper":1,"apocalypsenow:red_crowbar":1,"minecraft:oak_planks":1},"minecraft:used":{"minecraft:oak_planks":1,"apocalypsenow:red_crowbar":18,"zombie_extreme:chips":1,"minecraft:light_gray_bed":2},"minecraft:killed":{"minecraft:zombie":1,"apocalypsenow:walker_16":1,"apocalypsenow:walker_12":1,"apocalypsenow:looter_1":1},"minecraft:mined":{"minecraft:hay_block":36,"minecraft:light_gray_stained_glass_pane":1,"minecraft:red_bed":2,"minecraft:light_gray_bed":2}},"DataVersion":3120}