{"stats":{"minecraft:custom":{"minecraft:jump":103,"minecraft:open_chest":1,"minecraft:time_since_rest":5776,"minecraft:damage_dealt":10,"minecraft:crouch_one_cm":407,"minecraft:leave_game":2,"minecraft:sprint_one_cm":6587,"minecraft:play_time":5776,"minecraft:time_since_death":5776,"minecraft:walk_on_water_one_cm":2111,"minecraft:walk_one_cm":5947,"minecraft:sneak_time":123,"minecraft:total_world_time":5776,"minecraft:climb_one_cm":7164,"minecraft:walk_under_water_one_cm":5004,"minecraft:swim_one_cm":30,"minecraft:fall_one_cm":2076,"minecraft:fly_one_cm":18580},"minecraft:picked_up":{"minecraft:light_gray_bed":2},"minecraft:used":{"minecraft:light_gray_bed":2},"minecraft:mined":{"minecraft:light_gray_bed":2}},"DataVersion":3120}