{"stats":{"minecraft:custom":{"minecraft:jump":5,"minecraft:time_since_rest":565,"minecraft:leave_game":1,"minecraft:crouch_one_cm":336,"minecraft:damage_dealt":90,"minecraft:sprint_one_cm":14,"minecraft:deaths":1,"minecraft:play_time":1274,"minecraft:damage_taken":222,"minecraft:time_since_death":541,"minecraft:walk_one_cm":628,"minecraft:sneak_time":259,"minecraft:climb_one_cm":322,"minecraft:total_world_time":1274,"minecraft:fly_one_cm":80},"minecraft:killed_by":{"apocalypsenow:looter_1":1}},"DataVersion":3120}