{"stats":{"minecraft:mined":{"minecraft:fire":1,"minecraft:orange_terracotta":1,"projectvibrantjourneys:orange_bark_mushroom":1,"minecraft:red_sand":1,"minecraft:gravel":2,"horror_element_mod:crucified_body":1,"minecraft:cobblestone":1,"minecraft:blue_bed":1},"minecraft:dropped":{"minecraft:iron_sword":1,"zombie_extreme:pipe":1,"apocalypsenow:hunting_chestplate":1,"apocalypsenow:brazilian_army_helmet":1,"apocalypsenow:magazine":1},"minecraft:picked_up":{"bunker_down:brittle_pickaxe":2,"hunting_delight:humanmeat":6,"minecraft:acacia_log":1,"minecraft:gravel":2,"apocalypsenow:chips":1,"apocalypsenow:cutter_knife":1,"apocalypsenow:hunting_chestplate":1,"apocalypsenow:canned_strawberry":1,"minecraft:shield":2,"apocalypsenow:construction_chestplate":1,"minecraft:blue_bed":2,"hunting_delight:animal_fat_block":1,"hunting_delight:animal_fat":19,"minecraft:wooden_sword":2,"minecraft:orange_terracotta":1,"minecraft:leather_boots":2,"minecraft:rotten_flesh":31,"minecraft:red_sandstone":2,"apocalypsenow:human_flesh":3,"minecraft:red_sand":3,"hunting_delight:broken_bone":54,"apocalypsenow:fire_figther_helmet":2,"minecraft:bread":18,"apocalypsenow:brazilian_army_helmet":1,"minecraft:cobblestone":3},"minecraft:custom":{"minecraft:time_since_rest":3481,"minecraft:sprint_one_cm":47817,"minecraft:walk_one_cm":71267,"minecraft:damage_taken":701,"minecraft:mob_kills":18,"minecraft:drop":5,"minecraft:damage_dealt":2707,"minecraft:fly_one_cm":35645,"minecraft:player_kills":1,"minecraft:open_barrel":4,"minecraft:open_chest":8,"minecraft:crouch_one_cm":2119,"minecraft:play_time":17876,"minecraft:deaths":2,"minecraft:sneak_time":2106,"minecraft:walk_under_water_one_cm":1091,"minecraft:jump":231,"minecraft:walk_on_water_one_cm":1639,"minecraft:time_since_death":6049,"minecraft:sleep_in_bed":1,"minecraft:climb_one_cm":9148,"minecraft:total_world_time":17876,"minecraft:fall_one_cm":3621},"minecraft:used":{"minecraft:red_sandstone":1,"apocalypsenow:cutter_knife":59,"minecraft:acacia_log":1,"minecraft:gravel":2,"minecraft:blue_bed":2,"hunting_delight:animal_fat_block":1,"minecraft:leather_boots":1,"zombie_extreme:vodka":1,"minecraft:cookie":1,"minecraft:wooden_sword":4,"minecraft:cobblestone":1,"bunker_down:brittle_pickaxe":3,"apocalypsenow:fire_figther_helmet":1},"minecraft:killed":{"apocalypsenow:horde_2":1,"minecraft:husk":8,"apocalypsenow:runner_45":3,"apocalypsenow:runner_50":3,"apocalypsenow:runner_34":1,"apocalypsenow:runner_35":1},"minecraft:killed_by":{"minecraft:player":1,"apocalypsenow:runner_49":1}},"DataVersion":3120}