{"stats":{"minecraft:mined":{"minecraft:light_gray_bed":4,"minecraft:dirt":1},"minecraft:picked_up":{"bunker_down:steel_block":2,"minecraft:light_gray_bed":3,"minecraft:rotten_flesh":7,"minecraft:smooth_stone":3,"hunting_delight:broken_bone":17,"hunting_delight:worm":1,"minecraft:dirt":2,"minecraft:cobblestone":42,"bunker_down:steel_block_slab":2},"minecraft:used":{"bunker_down:steel_block_slab":2,"bunker_down:steel_block":2,"minecraft:wooden_sword":11,"minecraft:dirt":2,"minecraft:cobblestone":2,"minecraft:smooth_stone":3},"minecraft:custom":{"minecraft:time_since_rest":6815,"minecraft:open_chest":4,"minecraft:crouch_one_cm":525,"minecraft:sprint_one_cm":157,"minecraft:play_time":6815,"minecraft:damage_taken":25,"minecraft:walk_one_cm":22193,"minecraft:sneak_time":339,"minecraft:mob_kills":6,"minecraft:jump":32,"minecraft:damage_dealt":244,"minecraft:leave_game":1,"minecraft:walk_on_water_one_cm":50,"minecraft:time_since_death":6815,"minecraft:climb_one_cm":140,"minecraft:total_world_time":6815,"minecraft:fall_one_cm":267,"minecraft:fly_one_cm":67},"minecraft:killed":{"apocalypsenow:walker_14":1,"apocalypsenow:walker_22":1,"minecraft:zombie":2,"apocalypsenow:runner_51":1,"zombie_extreme:military":1}},"DataVersion":3120}