{"stats":{"minecraft:dropped":{"minecraft:iron_sword":1},"minecraft:mined":{"minecraft:red_sand":1,"minecraft:cobblestone":1,"minecraft:orange_terracotta":1},"minecraft:picked_up":{"bunker_down:brittle_pickaxe":1,"minecraft:wooden_sword":1,"minecraft:orange_terracotta":1,"minecraft:leather_boots":1,"minecraft:rotten_flesh":1,"hunting_delight:humanmeat":2,"apocalypsenow:human_flesh":1,"minecraft:red_sand":2,"hunting_delight:broken_bone":6,"minecraft:bread":9,"minecraft:shield":1,"minecraft:cobblestone":2},"minecraft:custom":{"minecraft:open_barrel":1,"minecraft:time_since_rest":2831,"minecraft:open_chest":1,"minecraft:crouch_one_cm":133,"minecraft:sprint_one_cm":8483,"minecraft:play_time":5876,"minecraft:deaths":1,"minecraft:damage_taken":260,"minecraft:walk_one_cm":13019,"minecraft:sneak_time":895,"minecraft:walk_under_water_one_cm":1091,"minecraft:mob_kills":1,"minecraft:drop":1,"minecraft:jump":88,"minecraft:damage_dealt":150,"minecraft:time_since_death":2804,"minecraft:walk_on_water_one_cm":1575,"minecraft:total_world_time":5876,"minecraft:climb_one_cm":8626,"minecraft:fall_one_cm":1254,"minecraft:fly_one_cm":18089},"minecraft:used":{"minecraft:wooden_sword":4,"bunker_down:brittle_pickaxe":2,"minecraft:leather_boots":1},"minecraft:killed_by":{"apocalypsenow:runner_49":1}},"DataVersion":3120}