{"stats":{"minecraft:mined":{"minecraft:acacia_leaves":3,"minecraft:orange_terracotta":1,"minecraft:crafting_table":1,"minecraft:granite":2,"minecraft:red_sand":1,"minecraft:acacia_log":1,"minecraft:spruce_fence":2,"minecraft:tall_grass":2,"minecraft:cobblestone":13,"minecraft:blue_bed":1,"minecraft:fire":1,"projectvibrantjourneys:orange_bark_mushroom":1,"minecraft:grass":1,"minecraft:oak_log":1,"minecraft:gravel":2,"horror_element_mod:crucified_body":1,"minecraft:oak_leaves":1},"minecraft:dropped":{"minecraft:iron_sword":1,"hunting_delight:humanmeat":4,"minecraft:apple":9,"apocalypsenow:magazine":1,"apocalypsenow:brazilian_army_helmet":1,"zombie_extreme:pipe":1,"minecraft:wooden_sword":3,"minecraft:stone_pickaxe":1,"bunker_down:brittle_pickaxe":1,"apocalypsenow:hunting_chestplate":1},"minecraft:custom":{"minecraft:mob_kills":24,"minecraft:interact_with_crafting_table":4,"minecraft:open_barrel":4,"minecraft:leave_game":1,"minecraft:time_since_death":4913,"minecraft:sleep_in_bed":2,"minecraft:climb_one_cm":15837,"minecraft:time_since_rest":4936,"minecraft:sprint_one_cm":74804,"minecraft:damage_taken":1239,"minecraft:walk_one_cm":130007,"minecraft:drop":12,"minecraft:damage_dealt":3773,"minecraft:swim_one_cm":2360,"minecraft:talked_to_villager":1,"minecraft:fly_one_cm":52582,"minecraft:player_kills":2,"minecraft:open_chest":16,"minecraft:crouch_one_cm":2946,"minecraft:play_time":33807,"minecraft:deaths":3,"minecraft:sneak_time":2614,"minecraft:walk_under_water_one_cm":1454,"minecraft:jump":477,"minecraft:walk_on_water_one_cm":1988,"minecraft:total_world_time":33807,"minecraft:fall_one_cm":7424},"minecraft:picked_up":{"minecraft:crafting_table":2,"minecraft:wheat":5,"minecraft:chicken":10,"bunker_down:brittle_pickaxe":2,"minecraft:potato":19,"minecraft:oak_log":1,"minecraft:shield":3,"apocalypsenow:construction_chestplate":1,"minecraft:blue_bed":2,"minecraft:orange_terracotta":1,"minecraft:wooden_sword":4,"minecraft:leather_boots":3,"minecraft:apple":20,"minecraft:red_sandstone":2,"apocalypsenow:human_flesh":9,"minecraft:red_sand":3,"minecraft:stone_pickaxe":1,"apocalypsenow:fire_figther_helmet":3,"minecraft:acacia_sapling":2,"minecraft:egg":16,"minecraft:stick":1,"minecraft:sweet_berries":2,"hunting_delight:humanmeat":6,"minecraft:acacia_log":2,"minecraft:porkchop":5,"minecraft:gravel":2,"minecraft:spruce_fence":2,"apocalypsenow:chips":2,"apocalypsenow:cutter_knife":2,"apocalypsenow:hunting_chestplate":1,"minecraft:carrot":4,"apocalypsenow:canned_strawberry":2,"hunting_delight:animal_fat":35,"hunting_delight:animal_fat_block":1,"minecraft:stone_sword":1,"minecraft:honey_bottle":1,"minecraft:rotten_flesh":57,"minecraft:stone_axe":1,"minecraft:granite":2,"hunting_delight:broken_bone":115,"minecraft:emerald":4,"minecraft:bread":37,"minecraft:oak_sapling":1,"apocalypsenow:brazilian_army_helmet":1,"apocalypsenow:needle":1,"minecraft:cobblestone":16},"minecraft:killed":{"minecraft:husk":8,"apocalypsenow:looter_1":3,"apocalypsenow:runner_40":1,"apocalypsenow:runner_50":3,"apocalypsenow:runner_35":1,"apocalypsenow:horde_2":1,"apocalypsenow:runner_45":3,"apocalypsenow:crawler_2":1,"apocalypsenow:walker_22":1,"apocalypsenow:runner_34":1,"apocalypsenow:walker_4":1},"minecraft:used":{"minecraft:stone_sword":11,"minecraft:acacia_log":1,"minecraft:stone_pickaxe":9,"hunting_delight:animal_fat_block":1,"minecraft:blue_bed":2,"minecraft:leather_boots":2,"zombie_extreme:vodka":1,"minecraft:cookie":1,"minecraft:crafting_table":1,"bunker_down:brittle_pickaxe":8,"apocalypsenow:fire_figther_helmet":1,"minecraft:granite":2,"minecraft:red_sandstone":1,"minecraft:apple":5,"apocalypsenow:cutter_knife":71,"minecraft:bread":1,"minecraft:gravel":2,"minecraft:stone_axe":1,"minecraft:wooden_sword":4,"minecraft:cobblestone":1},"minecraft:broken":{"apocalypsenow:construction_chestplate":1},"minecraft:killed_by":{"minecraft:player":2,"apocalypsenow:runner_49":1},"minecraft:crafted":{"minecraft:oak_planks":4,"minecraft:crafting_table":1,"minecraft:stone_axe":1,"minecraft:stick":8,"minecraft:stone_pickaxe":2,"minecraft:stone_sword":1,"minecraft:acacia_planks":4}},"DataVersion":3120}