{"stats":{"minecraft:mined":{"minecraft:jungle_leaves":10,"minecraft:granite":2,"minecraft:acacia_log":1,"minecraft:red_sand":5,"minecraft:spruce_fence":2,"minecraft:jungle_planks":2,"minecraft:jungle_log":37,"minecraft:light_gray_bed":2,"minecraft:fire":1,"projectvibrantjourneys:orange_bark_mushroom":1,"minecraft:vine":9,"horror_element_mod:crucified_body":1,"minecraft:bamboo":5,"minecraft:acacia_leaves":3,"minecraft:orange_terracotta":1,"minecraft:crafting_table":1,"minecraft:cobblestone":13,"minecraft:tall_grass":2,"minecraft:blue_bed":2,"minecraft:grass":3,"minecraft:oak_log":1,"minecraft:gravel":2,"minecraft:oak_leaves":1},"minecraft:dropped":{"apocalypsenow:human_flesh":1,"zombie_extreme:fireaxe":1,"minecraft:iron_sword":1,"minecraft:wheat_seeds":3,"hunting_delight:humanmeat":6,"hunting_delight:broken_bone":27,"projectvibrantjourneys:bones":2,"minecraft:apple":9,"ava:sr_2m_veresk_sumire":1,"apocalypsenow:canned_strawberry":3,"apocalypsenow:pipe":2,"zombie_extreme:pipe":1,"minecraft:wooden_sword":3,"bunker_down:brittle_pickaxe":1,"apocalypsenow:small_can":1,"minecraft:rotten_flesh":3,"minecraft:oak_planks":1,"minecraft:spruce_fence":1,"apocalypsenow:brazilian_army_helmet":1,"apocalypsenow:magazine":1,"minecraft:orange_terracotta":4,"minecraft:oak_sapling":2,"minecraft:bamboo":1,"apocalypsenow:rope":1,"minecraft:red_sand":4,"minecraft:stone_pickaxe":1,"apocalypsenow:hunting_chestplate":1,"apocalypsenow:cricket_bat":1},"minecraft:custom":{"minecraft:mob_kills":43,"minecraft:interact_with_crafting_table":7,"minecraft:open_barrel":7,"minecraft:leave_game":5,"minecraft:time_since_death":982,"minecraft:climb_one_cm":34567,"minecraft:sprint_one_cm":166395,"minecraft:walk_one_cm":218271,"minecraft:drop":42,"minecraft:talked_to_villager":1,"minecraft:play_time":72185,"minecraft:deaths":13,"minecraft:sneak_time":8385,"minecraft:walk_under_water_one_cm":6671,"minecraft:boat_one_cm":6872,"minecraft:jump":1309,"minecraft:walk_on_water_one_cm":8572,"minecraft:total_world_time":72185,"minecraft:sleep_in_bed":4,"minecraft:time_since_rest":1009,"minecraft:damage_taken":15565,"minecraft:damage_dealt":5925,"minecraft:swim_one_cm":13148,"minecraft:fly_one_cm":221245,"minecraft:player_kills":3,"minecraft:open_chest":36,"minecraft:crouch_one_cm":11230,"minecraft:fall_one_cm":28171},"minecraft:picked_up":{"apocalypsenow:apple_juice":1,"ava:binocular":2,"minecraft:crafting_table":3,"minecraft:wheat":10,"minecraft:chicken":20,"apocalypsenow:catana":1,"zombie_extreme:pill_anti_hunger":1,"ava:shotgun_ammo":20,"minecraft:shield":4,"minecraft:wooden_sword":4,"minecraft:red_sand":7,"apocalypsenow:red_football_armor_chestplate":1,"minecraft:egg":32,"minecraft:stick":5,"hunting_delight:humanmeat":14,"minecraft:bowl":1,"minecraft:acacia_log":2,"minecraft:spruce_fence":3,"apocalypsenow:cutter_knife":3,"minecraft:porkchop":10,"minecraft:carrot":8,"ava:eu_standard_boots":3,"minecraft:stone_sword":2,"minecraft:honey_bottle":2,"minecraft:light_gray_bed":3,"minecraft:rotten_flesh":64,"apocalypsenow:baseball_bat":2,"apocalypsenow:pick":1,"apocalypsenow:pipe":3,"zombie_extreme:butcher_knife":1,"apocalypsenow:needle":2,"minecraft:cobblestone":17,"zombie_extreme:fireaxe":1,"bunker_down:brittle_pickaxe":2,"minecraft:jungle_log":34,"apocalypsenow:green_bikers_helmet":2,"minecraft:potato":49,"minecraft:oak_log":1,"projectvibrantjourneys:rocks":1,"apocalypsenow:construction_chestplate":1,"ava:large_pistol_magazine":4,"minecraft:blue_bed":2,"apocalypsenow:watch":1,"minecraft:orange_terracotta":9,"minecraft:leather_boots":4,"minecraft:apple":41,"apocalypsenow:bandage":1,"apocalypsenow:gunpowder_can":1,"minecraft:wheat_seeds":3,"minecraft:red_sandstone":2,"apocalypsenow:human_flesh":20,"minecraft:iron_ingot":3,"minecraft:stone_pickaxe":2,"ava:sniper_ammo":38,"apocalypsenow:fire_figther_helmet":4,"ava:small_sub_machinegun_magazine":8,"zombie_extreme:cloth":1,"minecraft:bamboo":3,"minecraft:iron_sword":1,"minecraft:oak_planks":3,"minecraft:acacia_sapling":3,"firstaid:plaster":2,"minecraft:sweet_berries":4,"apocalypsenow:long_knife":1,"projectvibrantjourneys:bones":2,"minecraft:gravel":2,"apocalypsenow:chips":3,"apocalypsenow:hunting_chestplate":1,"minecraft:jungle_planks":1,"apocalypsenow:hanger":1,"apocalypsenow:canned_strawberry":5,"hunting_delight:animal_fat":51,"hunting_delight:animal_fat_block":1,"apocalypsenow:cricket_bat":3,"ava:eu_standard_kevlar":1,"minecraft:stone_axe":2,"apocalypsenow:rope":1,"minecraft:crossbow":2,"minecraft:granite":2,"hunting_delight:broken_bone":252,"apocalypsenow:emptyconditioner":1,"minecraft:emerald":8,"minecraft:bread":56,"minecraft:oak_sapling":4,"ava:sr_2m_veresk_sumire":3,"apocalypsenow:brazilian_army_helmet":1,"minecraft:coal":5},"minecraft:killed":{"apocalypsenow:walker_19":1,"apocalypsenow:looter_1":9,"apocalypsenow:crawler_4":1,"apocalypsenow:walker_29":1,"apocalypsenow:runner_39":1,"apocalypsenow:runner_35":1,"apocalypsenow:horde_2":1,"apocalypsenow:walker_14":1,"apocalypsenow:runner_45":3,"apocalypsenow:walker_22":1,"apocalypsenow:runner_34":1,"apocalypsenow:walker_4":1,"minecraft:husk":8,"apocalypsenow:runner_40":1,"apocalypsenow:runner_52":1,"apocalypsenow:runner_50":4,"ava:eu_soldier":5,"apocalypsenow:crawler_2":1,"apocalypsenow:walker_24":1,"apocalypsenow:walker_6":1},"minecraft:used":{"zombie_extreme:butcher_knife":2,"minecraft:stone_sword":19,"minecraft:acacia_log":1,"zombie_extreme:vodka":1,"apocalypsenow:apple_juice":1,"bunker_down:brittle_pickaxe":8,"minecraft:jungle_planks":20,"zombie_extreme:syringe_night_vision":1,"apocalypsenow:fire_figther_helmet":1,"minecraft:granite":2,"apocalypsenow:catana":6,"minecraft:wooden_axe":58,"apocalypsenow:porpsi":1,"minecraft:light_gray_bed":1,"projectvibrantjourneys:rocks":1,"minecraft:stone_pickaxe":9,"minecraft:blue_bed":2,"hunting_delight:animal_fat_block":1,"minecraft:leather_boots":3,"ava:eu_standard_kevlar":1,"minecraft:cookie":1,"minecraft:crafting_table":2,"minecraft:crossbow":2,"ava:eu_standard_boots":3,"minecraft:red_sandstone":1,"minecraft:apple":5,"apocalypsenow:cutter_knife":87,"minecraft:bread":1,"minecraft:suspicious_stew":1,"apocalypsenow:nutrition_bar":1,"minecraft:gravel":2,"minecraft:stone_axe":1,"minecraft:wooden_sword":10,"minecraft:cobblestone":1,"apocalypsenow:green_bikers_helmet":2},"minecraft:broken":{"apocalypsenow:construction_chestplate":1,"minecraft:wooden_axe":1},"minecraft:killed_by":{"minecraft:player":3,"apocalypsenow:runner_49":1,"apocalypsenow:looter_1":3,"apocalypsenow:soldiers_02":1,"zombie_extreme:infected_military":1,"minecraft:skeleton":1,"apocalypsenow:walker_29":1,"ava:eu_soldier":2},"minecraft:crafted":{"minecraft:wooden_sword":1,"minecraft:oak_planks":4,"minecraft:stone_pickaxe":2,"minecraft:crafting_table":2,"minecraft:wooden_pickaxe":1,"minecraft:stone_axe":1,"minecraft:jungle_planks":108,"minecraft:stick":16,"minecraft:wooden_axe":1,"minecraft:stone_sword":1,"minecraft:acacia_planks":4}},"DataVersion":3120}