{"stats":{"minecraft:dropped":{"minecraft:bread":9,"minecraft:potato":13,"minecraft:shield":1,"hunting_delight:humanmeat":2,"minecraft:light_gray_bed":4,"minecraft:leather_boots":1,"minecraft:poisonous_potato":1,"minecraft:rotten_flesh":7,"hunting_delight:broken_bone":8,"minecraft:wooden_sword":1,"hunting_delight:worm":2,"minecraft:string":4},"minecraft:mined":{"minecraft:potatoes":7,"minecraft:light_gray_bed":18,"minecraft:dirt":1},"minecraft:killed_by":{"apocalypsenow:runner_45":1},"minecraft:picked_up":{"hunting_delight:humanmeat":2,"minecraft:poisonous_potato":1,"minecraft:potato":32,"minecraft:shield":2,"minecraft:string":4,"minecraft:dirt":2,"bunker_down:steel_block_slab":2,"bunker_down:steel_block":2,"minecraft:wooden_sword":2,"minecraft:leather_boots":2,"minecraft:rotten_flesh":14,"minecraft:light_gray_bed":20,"apocalypsenow:human_flesh":1,"minecraft:smooth_stone":3,"hunting_delight:broken_bone":25,"minecraft:bone_meal":6,"minecraft:bread":18,"hunting_delight:worm":2,"minecraft:cobblestone":79},"minecraft:crafted":{"minecraft:bone_meal":17},"minecraft:used":{"bunker_down:steel_block":2,"bunker_down:steel_block_slab":2,"minecraft:bread":2,"minecraft:leather_boots":1,"minecraft:wooden_sword":12,"minecraft:dirt":2,"minecraft:cobblestone":5,"minecraft:potato":4,"minecraft:light_gray_bed":12,"minecraft:smooth_stone":3,"minecraft:bone_meal":23},"minecraft:custom":{"minecraft:time_since_rest":2071,"minecraft:sprint_one_cm":2025,"minecraft:damage_taken":365,"minecraft:walk_one_cm":57301,"minecraft:mob_kills":6,"minecraft:drop":16,"minecraft:damage_dealt":244,"minecraft:fly_one_cm":219,"minecraft:open_chest":4,"minecraft:crouch_one_cm":6265,"minecraft:play_time":21869,"minecraft:deaths":1,"minecraft:sneak_time":2204,"minecraft:walk_under_water_one_cm":1324,"minecraft:jump":110,"minecraft:leave_game":2,"minecraft:time_since_death":9201,"minecraft:walk_on_water_one_cm":833,"minecraft:sleep_in_bed":1,"minecraft:total_world_time":21869,"minecraft:climb_one_cm":25066,"minecraft:fall_one_cm":4941},"minecraft:killed":{"apocalypsenow:walker_14":1,"minecraft:zombie":2,"apocalypsenow:walker_22":1,"apocalypsenow:runner_51":1,"zombie_extreme:military":1}},"DataVersion":3120}