{"stats":{"minecraft:mined":{"minecraft:acacia_leaves":3,"minecraft:orange_terracotta":1,"minecraft:crafting_table":1,"minecraft:granite":2,"minecraft:acacia_log":1,"minecraft:red_sand":1,"minecraft:spruce_fence":2,"minecraft:cobblestone":13,"minecraft:tall_grass":2,"minecraft:blue_bed":2,"minecraft:fire":1,"projectvibrantjourneys:orange_bark_mushroom":1,"minecraft:grass":3,"minecraft:oak_log":1,"minecraft:gravel":2,"horror_element_mod:crucified_body":1,"minecraft:oak_leaves":1},"minecraft:dropped":{"minecraft:iron_sword":1,"minecraft:wheat_seeds":3,"apocalypsenow:small_can":1,"hunting_delight:humanmeat":4,"hunting_delight:broken_bone":1,"minecraft:rotten_flesh":2,"projectvibrantjourneys:bones":2,"minecraft:apple":9,"minecraft:spruce_fence":1,"apocalypsenow:canned_strawberry":3,"apocalypsenow:magazine":1,"apocalypsenow:brazilian_army_helmet":1,"minecraft:oak_sapling":2,"zombie_extreme:pipe":1,"minecraft:wooden_sword":3,"minecraft:stone_pickaxe":1,"bunker_down:brittle_pickaxe":1,"apocalypsenow:hunting_chestplate":1},"minecraft:custom":{"minecraft:mob_kills":33,"minecraft:interact_with_crafting_table":4,"minecraft:open_barrel":4,"minecraft:leave_game":2,"minecraft:time_since_death":22,"minecraft:sleep_in_bed":3,"minecraft:climb_one_cm":24758,"minecraft:time_since_rest":57,"minecraft:sprint_one_cm":98236,"minecraft:damage_taken":2740,"minecraft:walk_one_cm":161461,"minecraft:drop":26,"minecraft:damage_dealt":4768,"minecraft:swim_one_cm":2544,"minecraft:talked_to_villager":1,"minecraft:player_kills":2,"minecraft:fly_one_cm":90567,"minecraft:open_chest":19,"minecraft:crouch_one_cm":2979,"minecraft:play_time":43882,"minecraft:deaths":9,"minecraft:sneak_time":2692,"minecraft:walk_under_water_one_cm":4120,"minecraft:jump":727,"minecraft:walk_on_water_one_cm":4395,"minecraft:total_world_time":43882,"minecraft:fall_one_cm":14418},"minecraft:picked_up":{"minecraft:crafting_table":3,"minecraft:wheat":10,"bunker_down:brittle_pickaxe":2,"minecraft:chicken":20,"minecraft:potato":38,"minecraft:oak_log":1,"minecraft:shield":4,"apocalypsenow:construction_chestplate":1,"minecraft:blue_bed":2,"minecraft:wooden_sword":4,"minecraft:orange_terracotta":5,"minecraft:leather_boots":4,"minecraft:apple":41,"minecraft:wheat_seeds":3,"minecraft:red_sandstone":2,"apocalypsenow:human_flesh":14,"minecraft:red_sand":3,"minecraft:iron_ingot":3,"minecraft:stone_pickaxe":2,"apocalypsenow:red_football_armor_chestplate":1,"apocalypsenow:fire_figther_helmet":4,"minecraft:acacia_sapling":3,"minecraft:egg":32,"minecraft:stick":1,"minecraft:sweet_berries":4,"hunting_delight:humanmeat":8,"minecraft:acacia_log":2,"projectvibrantjourneys:bones":2,"minecraft:spruce_fence":3,"minecraft:gravel":2,"apocalypsenow:chips":3,"apocalypsenow:cutter_knife":3,"apocalypsenow:hunting_chestplate":1,"minecraft:porkchop":10,"minecraft:carrot":8,"apocalypsenow:canned_strawberry":5,"hunting_delight:animal_fat_block":1,"hunting_delight:animal_fat":51,"minecraft:stone_sword":2,"minecraft:honey_bottle":2,"minecraft:rotten_flesh":61,"minecraft:stone_axe":2,"minecraft:granite":2,"hunting_delight:broken_bone":195,"minecraft:bread":56,"minecraft:emerald":8,"minecraft:oak_sapling":4,"apocalypsenow:brazilian_army_helmet":1,"apocalypsenow:needle":2,"minecraft:cobblestone":17},"minecraft:killed":{"minecraft:husk":8,"apocalypsenow:runner_40":1,"apocalypsenow:looter_1":8,"apocalypsenow:crawler_4":1,"apocalypsenow:runner_52":1,"apocalypsenow:walker_29":1,"apocalypsenow:runner_50":3,"apocalypsenow:runner_35":1,"apocalypsenow:walker_14":1,"apocalypsenow:horde_2":1,"apocalypsenow:runner_45":3,"apocalypsenow:crawler_2":1,"apocalypsenow:walker_22":1,"apocalypsenow:runner_34":1,"apocalypsenow:walker_6":1,"apocalypsenow:walker_4":1},"minecraft:used":{"minecraft:stone_sword":19,"minecraft:acacia_log":1,"minecraft:stone_pickaxe":9,"hunting_delight:animal_fat_block":1,"minecraft:blue_bed":2,"minecraft:leather_boots":3,"zombie_extreme:vodka":1,"minecraft:cookie":1,"minecraft:crafting_table":1,"bunker_down:brittle_pickaxe":8,"apocalypsenow:fire_figther_helmet":1,"minecraft:granite":2,"minecraft:red_sandstone":1,"minecraft:apple":5,"apocalypsenow:cutter_knife":87,"minecraft:bread":1,"minecraft:gravel":2,"minecraft:stone_axe":1,"minecraft:wooden_sword":4,"minecraft:cobblestone":1,"apocalypsenow:porpsi":1},"minecraft:broken":{"apocalypsenow:construction_chestplate":1},"minecraft:killed_by":{"minecraft:player":2,"zombie_extreme:infected_military":1,"apocalypsenow:runner_49":1,"minecraft:skeleton":1,"apocalypsenow:looter_1":2,"apocalypsenow:walker_29":1,"apocalypsenow:soldiers_02":1},"minecraft:crafted":{"minecraft:oak_planks":4,"minecraft:crafting_table":1,"minecraft:stone_axe":1,"minecraft:stick":8,"minecraft:stone_pickaxe":2,"minecraft:stone_sword":1,"minecraft:acacia_planks":4}},"DataVersion":3120}