{"stats":{"minecraft:mined":{"minecraft:jungle_leaves":10,"minecraft:granite":2,"minecraft:acacia_log":1,"minecraft:red_sand":5,"minecraft:spruce_fence":2,"minecraft:jungle_planks":2,"minecraft:jungle_log":37,"minecraft:light_gray_bed":2,"minecraft:fire":1,"projectvibrantjourneys:orange_bark_mushroom":1,"minecraft:vine":9,"horror_element_mod:crucified_body":1,"minecraft:bamboo":5,"minecraft:acacia_leaves":3,"minecraft:orange_terracotta":1,"minecraft:crafting_table":1,"minecraft:cobblestone":13,"minecraft:tall_grass":2,"minecraft:blue_bed":2,"minecraft:grass":3,"minecraft:oak_log":1,"minecraft:gravel":2,"minecraft:oak_leaves":1},"minecraft:dropped":{"apocalypsenow:human_flesh":1,"minecraft:iron_sword":1,"minecraft:wheat_seeds":3,"hunting_delight:humanmeat":6,"hunting_delight:broken_bone":8,"projectvibrantjourneys:bones":2,"minecraft:apple":9,"apocalypsenow:canned_strawberry":3,"apocalypsenow:pipe":1,"zombie_extreme:pipe":1,"minecraft:wooden_sword":3,"bunker_down:brittle_pickaxe":1,"apocalypsenow:small_can":1,"minecraft:rotten_flesh":3,"minecraft:spruce_fence":1,"apocalypsenow:brazilian_army_helmet":1,"apocalypsenow:magazine":1,"minecraft:orange_terracotta":4,"minecraft:oak_sapling":2,"minecraft:bamboo":1,"minecraft:red_sand":4,"minecraft:stone_pickaxe":1,"apocalypsenow:hunting_chestplate":1},"minecraft:custom":{"minecraft:mob_kills":37,"minecraft:interact_with_crafting_table":7,"minecraft:open_barrel":6,"minecraft:leave_game":4,"minecraft:time_since_death":5965,"minecraft:climb_one_cm":34377,"minecraft:sprint_one_cm":139720,"minecraft:walk_one_cm":190879,"minecraft:drop":35,"minecraft:talked_to_villager":1,"minecraft:play_time":63041,"minecraft:deaths":10,"minecraft:sneak_time":8339,"minecraft:walk_under_water_one_cm":5373,"minecraft:jump":1103,"minecraft:walk_on_water_one_cm":5202,"minecraft:total_world_time":63041,"minecraft:sleep_in_bed":4,"minecraft:time_since_rest":5522,"minecraft:damage_taken":3113,"minecraft:damage_dealt":5338,"minecraft:swim_one_cm":2544,"minecraft:fly_one_cm":161385,"minecraft:player_kills":3,"minecraft:open_chest":26,"minecraft:crouch_one_cm":11031,"minecraft:fall_one_cm":21768},"minecraft:picked_up":{"minecraft:crafting_table":3,"minecraft:wheat":10,"minecraft:chicken":20,"minecraft:shield":4,"minecraft:wooden_sword":4,"minecraft:red_sand":7,"apocalypsenow:red_football_armor_chestplate":1,"minecraft:egg":32,"minecraft:stick":1,"hunting_delight:humanmeat":10,"minecraft:acacia_log":2,"minecraft:spruce_fence":3,"apocalypsenow:cutter_knife":3,"minecraft:porkchop":10,"minecraft:carrot":8,"minecraft:stone_sword":2,"minecraft:honey_bottle":2,"minecraft:light_gray_bed":2,"minecraft:rotten_flesh":62,"apocalypsenow:needle":2,"minecraft:cobblestone":17,"bunker_down:brittle_pickaxe":2,"minecraft:jungle_log":34,"minecraft:potato":38,"minecraft:oak_log":1,"apocalypsenow:construction_chestplate":1,"minecraft:blue_bed":2,"minecraft:orange_terracotta":9,"minecraft:leather_boots":4,"minecraft:apple":41,"minecraft:wheat_seeds":3,"minecraft:red_sandstone":2,"apocalypsenow:human_flesh":16,"minecraft:iron_ingot":3,"minecraft:stone_pickaxe":2,"apocalypsenow:fire_figther_helmet":4,"minecraft:bamboo":3,"minecraft:acacia_sapling":3,"minecraft:sweet_berries":4,"projectvibrantjourneys:bones":2,"minecraft:gravel":2,"apocalypsenow:chips":3,"apocalypsenow:hunting_chestplate":1,"minecraft:jungle_planks":1,"apocalypsenow:canned_strawberry":5,"hunting_delight:animal_fat":51,"hunting_delight:animal_fat_block":1,"minecraft:stone_axe":2,"minecraft:granite":2,"hunting_delight:broken_bone":205,"minecraft:emerald":8,"minecraft:bread":56,"minecraft:oak_sapling":4,"apocalypsenow:brazilian_army_helmet":1},"minecraft:killed":{"apocalypsenow:looter_1":9,"apocalypsenow:crawler_4":1,"apocalypsenow:walker_29":1,"apocalypsenow:runner_39":1,"apocalypsenow:runner_35":1,"apocalypsenow:horde_2":1,"apocalypsenow:walker_14":1,"apocalypsenow:runner_45":3,"apocalypsenow:walker_22":1,"apocalypsenow:runner_34":1,"apocalypsenow:walker_4":1,"minecraft:husk":8,"apocalypsenow:runner_40":1,"apocalypsenow:runner_52":1,"apocalypsenow:runner_50":4,"apocalypsenow:crawler_2":1,"apocalypsenow:walker_24":1,"apocalypsenow:walker_6":1},"minecraft:used":{"minecraft:stone_sword":19,"minecraft:acacia_log":1,"zombie_extreme:vodka":1,"apocalypsenow:apple_juice":1,"bunker_down:brittle_pickaxe":8,"minecraft:jungle_planks":20,"apocalypsenow:fire_figther_helmet":1,"minecraft:granite":2,"apocalypsenow:catana":6,"minecraft:wooden_axe":58,"apocalypsenow:porpsi":1,"minecraft:light_gray_bed":1,"minecraft:stone_pickaxe":9,"minecraft:blue_bed":2,"hunting_delight:animal_fat_block":1,"minecraft:leather_boots":3,"minecraft:cookie":1,"minecraft:crafting_table":2,"minecraft:red_sandstone":1,"minecraft:apple":5,"apocalypsenow:cutter_knife":87,"minecraft:bread":1,"apocalypsenow:nutrition_bar":1,"minecraft:gravel":2,"minecraft:stone_axe":1,"minecraft:wooden_sword":10,"minecraft:cobblestone":1,"apocalypsenow:green_bikers_helmet":1},"minecraft:broken":{"apocalypsenow:construction_chestplate":1,"minecraft:wooden_axe":1},"minecraft:killed_by":{"minecraft:player":2,"apocalypsenow:runner_49":1,"apocalypsenow:looter_1":3,"apocalypsenow:soldiers_02":1,"zombie_extreme:infected_military":1,"minecraft:skeleton":1,"apocalypsenow:walker_29":1},"minecraft:crafted":{"minecraft:wooden_sword":1,"minecraft:oak_planks":4,"minecraft:stone_pickaxe":2,"minecraft:crafting_table":2,"minecraft:wooden_pickaxe":1,"minecraft:stone_axe":1,"minecraft:jungle_planks":108,"minecraft:stick":16,"minecraft:wooden_axe":1,"minecraft:stone_sword":1,"minecraft:acacia_planks":4}},"DataVersion":3120}