{"stats":{"minecraft:custom":{"minecraft:jump":19,"minecraft:open_chest":2,"minecraft:time_since_rest":42,"minecraft:crouch_one_cm":638,"minecraft:leave_game":1,"minecraft:sprint_one_cm":2494,"minecraft:play_time":14158,"minecraft:walk_on_water_one_cm":78,"minecraft:time_since_death":14158,"minecraft:walk_one_cm":39431,"minecraft:sleep_in_bed":1,"minecraft:climb_one_cm":1919,"minecraft:sneak_time":46,"minecraft:total_world_time":14158,"minecraft:walk_under_water_one_cm":586,"minecraft:interact_with_crafting_table":1,"minecraft:fly_one_cm":200},"minecraft:used":{"minecraft:potato":2}},"DataVersion":3120}