{"stats":{"minecraft:dropped":{"apocalypsenow:rusty_boots":1,"minecraft:polished_andesite_slab":2,"apocalypsenow:newspaper":1,"apocalypsenow:canned_corn":1,"apocalypsenow:table_knife":1,"minecraft:rotten_flesh":5,"apocalypsenow:mo4_gas_mask_helmet":1,"minecraft:iron_helmet":1,"apocalypsenow:glassbottle":1},"minecraft:custom":{"minecraft:time_since_rest":1539,"minecraft:sprint_one_cm":95265,"minecraft:damage_taken":893,"minecraft:walk_one_cm":113707,"minecraft:mob_kills":16,"minecraft:drop":11,"minecraft:damage_dealt":2083,"minecraft:swim_one_cm":3904,"minecraft:talked_to_villager":2,"minecraft:fly_one_cm":169363,"minecraft:player_kills":2,"minecraft:open_barrel":9,"minecraft:open_chest":26,"minecraft:crouch_one_cm":1733,"minecraft:play_time":30097,"minecraft:deaths":3,"minecraft:sneak_time":278,"minecraft:walk_under_water_one_cm":4405,"minecraft:leave_game":1,"minecraft:jump":781,"minecraft:climb_one_cm":16132,"minecraft:walk_on_water_one_cm":8066,"minecraft:time_since_death":1512,"minecraft:total_world_time":30097,"minecraft:sleep_in_bed":2,"minecraft:fall_one_cm":23966},"minecraft:killed_by":{"minecraft:player":2},"minecraft:picked_up":{"apocalypsenow:u_sarmy_boots":2,"minecraft:stick":5,"minecraft:feather":3,"apocalypsenow:police_leggings":1,"minecraft:gunpowder":5,"apocalypsenow:foam":2,"zombie_extreme:chips":3,"apocalypsenow:divingsuit_helmet":2,"apocalypsenow:balaclava_helmet":1,"zombie_extreme:ignot_tin":1,"minecraft:bone":6,"minecraft:rotten_flesh":7,"minecraft:sugar":3,"apocalypsenow:human_flesh":7,"minecraft:cartography_table":1,"minecraft:iron_helmet":1,"minecraft:iron_ingot":1,"minecraft:stone_pickaxe":1,"hunting_delight:broken_bone":72,"minecraft:iron_nugget":25,"minecraft:bread":4,"apocalypsenow:emptyconditioner":2,"apocalypsenow:crowbar":1,"zombie_extreme:cloth":6,"zombie_extreme:butcher_knife":1,"minecraft:polished_andesite_slab":2,"apocalypsenow:rusty_chestplate":2,"apocalypsenow:nailed_stick":2},"minecraft:used":{"zombie_extreme:butcher_knife":43,"apocalypsenow:wine":1,"apocalypsenow:rusty_chestplate":1,"apocalypsenow:rusty_boots":1,"minecraft:stone_pickaxe":1,"minecraft:bread":3,"apocalypsenow:crowbar":6,"minecraft:cartography_table":1,"apocalypsenow:u_sarmy_boots":1,"zombie_extreme:vodka":1,"minecraft:cookie":1,"apocalypsenow:human_flesh":1},"minecraft:killed":{"apocalypsenow:walker_26":1,"apocalypsenow:horde_1":1,"apocalypsenow:walker_20":1,"apocalypsenow:soldiers_02":1,"apocalypsenow:runner_42":1,"apocalypsenow:runner_37":1,"zombie_extreme:infected_police":1,"apocalypsenow:runner_40":2,"apocalypsenow:looter_1":1,"apocalypsenow:runner_53":2,"apocalypsenow:runner_38":1,"apocalypsenow:runner_54":2,"apocalypsenow:walker_2":1},"minecraft:mined":{"minecraft:glass_pane":6,"minecraft:grass":1,"minecraft:dead_bush":4,"minecraft:polished_andesite_slab":1}},"DataVersion":3120}