{"stats":{"minecraft:dropped":{"minecraft:wheat_seeds":3},"minecraft:picked_up":{"minecraft:crafting_table":1,"minecraft:rotten_flesh":2,"minecraft:wheat_seeds":3,"apocalypsenow:human_flesh":2,"hunting_delight:broken_bone":13,"minecraft:cobblestone":1},"minecraft:mined":{"minecraft:cobblestone":2,"minecraft:crafting_table":1},"minecraft:used":{"minecraft:wooden_sword":17,"bunker_down:brittle_pickaxe":2,"minecraft:bread":1,"apocalypsenow:jet_pilot_leggings":1},"minecraft:killed":{"apocalypsenow:walker_1":1,"apocalypsenow:walker_6":1,"apocalypsenow:crawler_4":1},"minecraft:custom":{"minecraft:time_since_rest":4645,"minecraft:open_chest":2,"minecraft:play_time":4645,"minecraft:sprint_one_cm":13008,"minecraft:damage_taken":124,"minecraft:walk_one_cm":15685,"minecraft:walk_under_water_one_cm":911,"minecraft:mob_kills":5,"minecraft:drop":1,"minecraft:jump":75,"minecraft:damage_dealt":629,"minecraft:time_since_death":4645,"minecraft:walk_on_water_one_cm":4604,"minecraft:total_world_time":4645,"minecraft:climb_one_cm":3376,"minecraft:swim_one_cm":7334,"minecraft:fall_one_cm":1045,"minecraft:fly_one_cm":22048}},"DataVersion":3120}