{"stats":{"minecraft:dropped":{"minecraft:wheat_seeds":5,"bunker_down:brittle_pickaxe":1},"minecraft:picked_up":{"minecraft:crafting_table":2,"hunting_delight:humanmeat":2,"apocalypsenow:jet_pilot_leggings":1,"minecraft:shield":1,"minecraft:dirt":1,"minecraft:wooden_sword":1,"apocalypsenow:alcohol":1,"minecraft:leather_boots":1,"minecraft:light_gray_bed":1,"minecraft:rotten_flesh":5,"apocalypsenow:human_flesh":5,"minecraft:wheat_seeds":5,"hunting_delight:broken_bone":22,"zombie_extreme:rotten_apple":1,"minecraft:bread":2,"projectvibrantjourneys:twigs":1,"minecraft:cobblestone":1},"minecraft:mined":{"minecraft:crafting_table":1,"minecraft:grass_block":1,"projectvibrantjourneys:short_grass":1,"minecraft:light_gray_bed":1,"minecraft:cobblestone":2},"minecraft:used":{"projectvibrantjourneys:twigs":1,"minecraft:bread":7,"apocalypsenow:jet_pilot_leggings":2,"zombie_extreme:rotten_apple":1,"minecraft:leather_boots":1,"minecraft:wooden_sword":31,"minecraft:cobblestone":1,"bunker_down:brittle_pickaxe":2},"minecraft:killed":{"zombie_extreme:infected":1,"apocalypsenow:crawler_4":1,"apocalypsenow:walker_1":2,"apocalypsenow:walker_24":1,"apocalypsenow:walker_6":1},"minecraft:killed_by":{"apocalypsenow:walker_24":1},"minecraft:custom":{"minecraft:time_since_rest":5411,"minecraft:sprint_one_cm":49513,"minecraft:damage_taken":569,"minecraft:walk_one_cm":52902,"minecraft:mob_kills":9,"minecraft:drop":4,"minecraft:damage_dealt":1140,"minecraft:swim_one_cm":16114,"minecraft:fly_one_cm":104964,"minecraft:open_chest":2,"minecraft:crouch_one_cm":1433,"minecraft:play_time":17609,"minecraft:deaths":1,"minecraft:sneak_time":389,"minecraft:walk_under_water_one_cm":4455,"minecraft:jump":473,"minecraft:leave_game":1,"minecraft:walk_on_water_one_cm":7928,"minecraft:time_since_death":5269,"minecraft:sleep_in_bed":1,"minecraft:climb_one_cm":3904,"minecraft:total_world_time":17609,"minecraft:fall_one_cm":15876}},"DataVersion":3120}