{"stats":{"minecraft:custom":{"minecraft:jump":87,"minecraft:open_chest":1,"minecraft:time_since_rest":3177,"minecraft:sprint_one_cm":10110,"minecraft:walk_on_water_one_cm":832,"minecraft:play_time":3177,"minecraft:damage_taken":10,"minecraft:time_since_death":3177,"minecraft:walk_one_cm":5254,"minecraft:climb_one_cm":5850,"minecraft:total_world_time":3177,"minecraft:walk_under_water_one_cm":2741,"minecraft:fall_one_cm":1254,"minecraft:fly_one_cm":17755},"minecraft:picked_up":{"minecraft:stick":5},"minecraft:mined":{"minecraft:dead_bush":4}},"DataVersion":3120}