{"stats":{"minecraft:dropped":{"apocalypsenow:rusty_boots":1,"apocalypsenow:newspaper":1,"apocalypsenow:canned_corn":1,"apocalypsenow:table_knife":1,"apocalypsenow:mo4_gas_mask_helmet":1,"minecraft:iron_helmet":1,"apocalypsenow:glassbottle":1},"minecraft:custom":{"minecraft:time_since_rest":3782,"minecraft:sprint_one_cm":52795,"minecraft:damage_taken":575,"minecraft:walk_one_cm":46391,"minecraft:mob_kills":1,"minecraft:drop":7,"minecraft:damage_dealt":120,"minecraft:swim_one_cm":3904,"minecraft:talked_to_villager":1,"minecraft:fly_one_cm":93400,"minecraft:player_kills":1,"minecraft:open_barrel":9,"minecraft:open_chest":12,"minecraft:play_time":15177,"minecraft:deaths":2,"minecraft:sneak_time":3,"minecraft:walk_under_water_one_cm":3859,"minecraft:jump":379,"minecraft:climb_one_cm":10885,"minecraft:walk_on_water_one_cm":2957,"minecraft:time_since_death":3756,"minecraft:total_world_time":15177,"minecraft:sleep_in_bed":1,"minecraft:fall_one_cm":10970},"minecraft:killed_by":{"minecraft:player":1},"minecraft:picked_up":{"apocalypsenow:u_sarmy_boots":1,"minecraft:stick":5,"minecraft:feather":2,"apocalypsenow:foam":1,"zombie_extreme:chips":2,"apocalypsenow:divingsuit_helmet":1,"zombie_extreme:ignot_tin":1,"minecraft:sugar":2,"apocalypsenow:human_flesh":7,"minecraft:cartography_table":1,"hunting_delight:broken_bone":8,"minecraft:bread":2,"apocalypsenow:emptyconditioner":1,"apocalypsenow:crowbar":1,"zombie_extreme:cloth":2,"apocalypsenow:rusty_chestplate":1,"apocalypsenow:nailed_stick":1},"minecraft:used":{"apocalypsenow:wine":1,"apocalypsenow:rusty_boots":1,"apocalypsenow:crowbar":6,"apocalypsenow:u_sarmy_boots":1,"zombie_extreme:vodka":1,"apocalypsenow:human_flesh":1},"minecraft:killed":{"apocalypsenow:walker_26":1},"minecraft:mined":{"minecraft:dead_bush":4}},"DataVersion":3120}