{"stats":{"minecraft:mined":{"minecraft:red_bed":2,"minecraft:acacia_log":1,"minecraft:dead_bush":1,"minecraft:glass":1,"minecraft:blue_bed":7,"minecraft:large_fern":1,"zombie_extreme:decomposing_backpack":3,"minecraft:cobweb":1},"minecraft:dropped":{"minecraft:bread":9,"apocalypsenow:magazine":1,"minecraft:wooden_sword":1},"minecraft:custom":{"minecraft:interact_with_furnace":1,"minecraft:mob_kills":8,"minecraft:open_barrel":6,"minecraft:leave_game":1,"minecraft:time_since_death":1819,"minecraft:sleep_in_bed":2,"minecraft:climb_one_cm":11901,"minecraft:time_since_rest":1845,"minecraft:sprint_one_cm":120290,"minecraft:damage_taken":1048,"minecraft:walk_one_cm":60426,"minecraft:damage_blocked_by_shield":250,"minecraft:drop":3,"minecraft:damage_dealt":1334,"minecraft:fly_one_cm":123689,"minecraft:player_kills":2,"minecraft:open_chest":12,"minecraft:crouch_one_cm":56,"minecraft:play_time":30140,"minecraft:deaths":4,"minecraft:sneak_time":729,"minecraft:walk_under_water_one_cm":923,"minecraft:jump":621,"minecraft:walk_on_water_one_cm":1788,"minecraft:total_world_time":30140,"minecraft:fall_one_cm":17693},"minecraft:picked_up":{"minecraft:charcoal":15,"minecraft:feather":2,"zombie_extreme:pipe":4,"minecraft:leather":5,"minecraft:flint":3,"zombie_extreme:kitchen_knife":3,"minecraft:shield":3,"zombie_extreme:decomposing_backpack":9,"minecraft:blue_bed":7,"minecraft:string":1,"minecraft:red_bed":2,"zombie_extreme:chips":4,"minecraft:wooden_sword":1,"minecraft:cooked_mutton":1,"minecraft:leather_boots":2,"minecraft:bone":4,"apocalypsenow:cigarettes":2,"minecraft:apple":6,"apocalypsenow:human_flesh":6,"minecraft:stone_pickaxe":2,"minecraft:cobweb":11,"zombie_extreme:cloth":3,"minecraft:iron_sword":4,"apocalypsenow:hookey_stick":2,"minecraft:egg":1,"minecraft:stick":8,"minecraft:black_candle":6,"hunting_delight:humanmeat":8,"minecraft:bowl":4,"minecraft:spruce_fence":1,"apocalypsenow:hunting_chestplate":3,"minecraft:cookie":3,"minecraft:rotten_flesh":9,"minecraft:soul_lantern":2,"zombie_extreme:rotten_apple":4,"hunting_delight:broken_bone":66,"minecraft:bread":23,"minecraft:baked_potato":4,"apocalypsenow:magazine":1,"minecraft:oak_sapling":6,"apocalypsenow:brazilian_army_helmet":3,"minecraft:white_wool":3},"minecraft:used":{"zombie_extreme:decomposing_backpack":1,"minecraft:shield":31,"minecraft:iron_sword":36,"minecraft:blue_bed":5,"zombie_extreme:kitchen_knife":2,"minecraft:red_bed":1,"minecraft:bread":5,"apocalypsenow:hookey_stick":1,"minecraft:wooden_sword":5,"minecraft:egg":1},"minecraft:killed":{"apocalypsenow:walker_30":1,"minecraft:husk":1,"apocalypsenow:looter_1":2,"apocalypsenow:runner_53":1,"apocalypsenow:runner_38":1,"apocalypsenow:runner_34":1,"apocalypsenow:walker_6":1},"minecraft:killed_by":{"minecraft:player":2,"apocalypsenow:runner_45":1}},"DataVersion":3120}