{"stats":{"minecraft:killed_by":{"cataclysm:deepling_angler":1,"minecraft:pillager":2,"undead_revamp2:thehorrors":1,"minecraft:skeleton":1},"minecraft:picked_up":{"minecraft:crafting_table":4,"minecraft:ladder":4,"minecraft:smithing_table":1,"minecraft:lead":4,"minecraft:oak_stairs":1,"minecraft:string":1,"quark:spruce_chest":1,"mysticalagriculture:inferium_essence":4,"minecraft:spruce_planks":10,"minecraft:beef":3,"minecraft:oak_boat":1,"minecraft:spruce_slab":3,"minecraft:coal_block":10,"tombstone:tablet_of_assistance":1,"minecraft:furnace":6,"minecraft:golden_helmet":1,"minecraft:raw_iron":1,"minecraft:stripped_crimson_hyphae":12,"minecraft:torch":2,"minecraft:spruce_stairs":8,"minecraft:porkchop":1,"tombstone:grave_dust":1,"minecraft:dark_oak_planks":8,"minecraft:rotten_flesh":1,"minecraft:peony":25,"minecraft:hay_block":14,"minecraft:iron_block":1,"minecraft:gold_ingot":2,"minecraft:cobblestone":19,"minecraft:prismarine_slab":1,"minecraft:glow_ink_sac":8,"minecraft:black_bed":5,"minecraft:leather":2,"minecraft:oak_log":11,"minecraft:dirt":10,"minecraft:lantern":2,"minecraft:stone_bricks":2,"minecraft:iron_ingot":5,"minecraft:fletching_table":1,"minecraft:oak_planks":43,"minecraft:iron_sword":1,"minecraft:dark_oak_stairs":1,"minecraft:book":78,"minecraft:oak_slab":14,"minecraft:jungle_planks":2,"minecraft:sand":2,"minecraft:spruce_log":5,"minecraft:mossy_cobblestone":1,"waystones:waystone":3,"minecraft:emerald":2,"minecraft:light_gray_carpet":4,"minecraft:coal":11},"minecraft:crafted":{"minecraft:oak_planks":44,"minecraft:furnace":1,"minecraft:stone_pickaxe":2,"minecraft:spruce_boat":1,"quark:spruce_chest":8,"minecraft:dark_oak_planks":32,"minecraft:wheat":126,"minecraft:crimson_planks":12,"minecraft:crafting_table":2,"minecraft:spruce_planks":104,"minecraft:wooden_pickaxe":1,"minecraft:stone_axe":1,"minecraft:bread":64,"minecraft:air":0,"minecraft:oak_boat":3,"minecraft:iron_chestplate":1,"minecraft:shield":2,"minecraft:stick":12,"minecraft:iron_ingot":15,"minecraft:iron_pickaxe":1,"minecraft:stone_sword":1,"minecraft:iron_leggings":1},"minecraft:mined":{"minecraft:dark_oak_planks":8,"minecraft:spruce_planks":1,"minecraft:mossy_cobblestone":1,"minecraft:grass_block":3,"minecraft:coal_block":10,"minecraft:spruce_leaves":6,"minecraft:spawner":1,"minecraft:large_fern":5,"minecraft:hay_block":14,"minecraft:furnace":6,"minecraft:iron_ore":1,"minecraft:fletching_table":1,"minecraft:peony":29,"minecraft:dark_oak_stairs":1,"minecraft:bookshelf":26,"minecraft:stone":17,"minecraft:iron_block":1,"minecraft:spruce_slab":3,"minecraft:podzol":1,"minecraft:smithing_table":1,"minecraft:oak_slab":2,"minecraft:light_gray_carpet":5,"minecraft:crafting_table":4,"minecraft:cornflower":1,"minecraft:mushroom_stem":4,"minecraft:tall_grass":9,"minecraft:cobblestone":2,"minecraft:oak_planks":14,"minecraft:wall_torch":1,"minecraft:coarse_dirt":1,"minecraft:spruce_log":5,"minecraft:black_bed":4,"minecraft:grass":5,"minecraft:oak_log":11,"quark:spruce_chest":2,"minecraft:sand":2,"minecraft:dirt":7,"minecraft:stone_bricks":2,"minecraft:oak_leaves":8,"minecraft:fern":2},"minecraft:killed":{"minecraft:vindicator":1,"minecraft:pig":1,"minecraft:cow":3},"minecraft:dropped":{"minecraft:oak_slab":1,"minecraft:glow_ink_sac":8,"minecraft:lead":4,"tombstone:tablet_of_assistance":1,"minecraft:stick":1,"minecraft:flint":4,"tombstone:grave_dust":2,"rustic_engineer:book_spidermech":1,"minecraft:string":1,"minecraft:stone_sword":1,"alexsmobs:animal_dictionary":1,"minecraft:rotten_flesh":1,"guideapi_vp:vampirism-guidebook":1,"minecraft:chainmail_chestplate":1,"patchouli:guide_book":1,"minecraft:shield":1,"minecraft:peony":25,"mysticalagriculture:inferium_essence":4,"minecraft:ladder":4,"minecraft:wooden_pickaxe":1,"minecraft:stone_pickaxe":2},"minecraft:used":{"minecraft:stone_sword":22,"minecraft:light_gray_carpet":3,"minecraft:spruce_planks":21,"minecraft:shield":2,"minecraft:iron_chestplate":1,"minecraft:jungle_planks":2,"minecraft:spruce_boat":1,"minecraft:dark_oak_planks":28,"quark:spruce_chest":8,"minecraft:lantern":1,"minecraft:crimson_planks":1,"minecraft:prismarine_slab":1,"minecraft:furnace":4,"tombstone:gift":1,"minecraft:iron_leggings":1,"minecraft:cooked_mutton":4,"minecraft:dark_oak_stairs":1,"minecraft:stone_pickaxe":8,"minecraft:wooden_pickaxe":25,"minecraft:fletching_table":1,"minecraft:mossy_cobblestone":1,"minecraft:sand":2,"minecraft:oak_slab":1,"minecraft:crafting_table":5,"minecraft:black_bed":4,"waystones:waystone":1,"minecraft:bread":17,"minecraft:iron_pickaxe":22,"minecraft:golden_helmet":1,"minecraft:stone_axe":74,"minecraft:stripped_crimson_hyphae":9,"minecraft:oak_boat":3},"minecraft:custom":{"minecraft:mob_kills":5,"minecraft:interact_with_crafting_table":18,"minecraft:open_barrel":19,"minecraft:leave_game":7,"minecraft:time_since_death":46311,"minecraft:climb_one_cm":5137,"minecraft:sprint_one_cm":188149,"minecraft:walk_one_cm":103117,"minecraft:damage_blocked_by_shield":120,"minecraft:drop":37,"minecraft:play_time":93126,"minecraft:deaths":6,"minecraft:sneak_time":1677,"minecraft:walk_under_water_one_cm":4973,"minecraft:boat_one_cm":1189,"minecraft:jump":1510,"minecraft:walk_on_water_one_cm":14117,"minecraft:total_world_time":93126,"minecraft:interact_with_furnace":6,"tombstone:raider_killed":1,"minecraft:sleep_in_bed":4,"minecraft:time_since_rest":13287,"minecraft:waystone_activated":2,"minecraft:damage_taken":2365,"minecraft:damage_dealt":845,"minecraft:swim_one_cm":16016,"minecraft:fly_one_cm":366451,"minecraft:open_chest":36,"minecraft:crouch_one_cm":4519,"minecraft:fall_one_cm":46507}},"DataVersion":3465}