{"stats":{"minecraft:used":{"minecraft:stone_sword":1,"minecraft:red_sand":8,"minecraft:stone_shovel":588,"minecraft:shield":31,"minecraft:iron_sword":40,"zombie_extreme:wooden_barricades":3,"zombie_extreme:kitchen_knife":2,"minecraft:jungle_planks":11,"minecraft:red_wool":5,"minecraft:smooth_sandstone":10,"minecraft:jungle_log":1,"apocalypsenow:hookey_stick":1,"apocalypsenow:fire_axe":4,"minecraft:egg":1,"minecraft:light_gray_bed":4,"minecraft:water_bucket":7,"bunker_down:steel_vent":1,"zombie_extreme:fireaxe":84,"minecraft:sandstone_stairs":3,"zombie_extreme:decomposing_backpack":1,"minecraft:stone_pickaxe":157,"minecraft:oak_planks":17,"minecraft:wooden_pickaxe":30,"minecraft:sandstone":83,"minecraft:blue_bed":6,"minecraft:sand":590,"minecraft:crafting_table":3,"minecraft:red_bed":3,"apocalypsenow:camping_knife":16,"apocalypsenow:pipe":5,"minecraft:bread":7,"minecraft:jungle_stairs":1,"minecraft:wooden_sword":5,"minecraft:cobblestone":54,"minecraft:sandstone_slab":4,"minecraft:bucket":7,"minecraft:oak_boat":1},"minecraft:mined":{"minecraft:spruce_planks":5,"minecraft:jungle_leaves":14,"projectvibrantjourneys:rocks":1,"minecraft:acacia_log":1,"minecraft:grass_block":1,"minecraft:jungle_planks":18,"minecraft:jungle_log":1,"minecraft:light_gray_bed":4,"minecraft:sandstone":71,"minecraft:sandstone_stairs":3,"minecraft:large_fern":1,"zombie_extreme:wooden_barricades":3,"minecraft:iron_ore":7,"zombie_extreme:decomposing_backpack":4,"bunker_down:steel_vent":1,"minecraft:bookshelf":2,"minecraft:potatoes":5,"minecraft:flowering_azalea_leaves":1,"minecraft:azalea_leaves":4,"minecraft:stone":68,"minecraft:sandstone_slab":4,"minecraft:glass_pane":1,"minecraft:red_wool":9,"minecraft:red_bed":4,"minecraft:smooth_sandstone":13,"minecraft:crafting_table":1,"minecraft:jungle_stairs":1,"minecraft:dead_bush":2,"minecraft:cobblestone":18,"minecraft:glass":1,"minecraft:tall_grass":2,"minecraft:sugar_cane":3,"minecraft:oak_planks":5,"minecraft:blue_bed":7,"minecraft:seagrass":1,"minecraft:dark_oak_door":1,"minecraft:grass":6,"minecraft:oak_log":7,"minecraft:sand":639,"minecraft:dirt":1,"minecraft:cobweb":1},"minecraft:picked_up":{"apocalypsenow:apple_juice":4,"zombie_extreme:wooden_barricades":6,"minecraft:charcoal":30,"minecraft:crafting_table":2,"ava:binocular":2,"minecraft:wheat":5,"minecraft:sandstone_slab":4,"minecraft:chicken":10,"apocalypsenow:catana":2,"zombie_extreme:pill_anti_hunger":3,"zombie_extreme:baseball_bat":2,"zombie_extreme:kitchen_knife":5,"minecraft:shield":7,"ava:regular_pistol_magazine":2,"ava:shotgun_ammo":80,"ava:fibre":12,"zombie_extreme:decomposing_backpack":16,"minecraft:string":1,"minecraft:red_bed":7,"zombie_extreme:chips":15,"minecraft:wooden_sword":1,"apocalypsenow:cigarettes":2,"minecraft:red_sand":8,"minecraft:bucket":1,"minecraft:spruce_planks":5,"apocalypsenow:broken_glass":4,"apocalypsenow:fire_axe":4,"apocalypsenow:red_football_armor_chestplate":1,"minecraft:jungle_sapling":1,"minecraft:sugar_cane":3,"apocalypsenow:hookey_stick":2,"minecraft:egg":17,"minecraft:dark_oak_door":2,"minecraft:stick":31,"minecraft:raw_iron":21,"minecraft:sandstone":78,"hunting_delight:humanmeat":68,"minecraft:bowl":7,"minecraft:spruce_fence":1,"apocalypsenow:cutter_knife":1,"minecraft:porkchop":5,"minecraft:cookie":5,"minecraft:carrot":12,"ava:eu_standard_boots":8,"apocalypsenow:camping_knife":4,"minecraft:stone_shovel":7,"minecraft:light_gray_bed":12,"minecraft:stone_sword":1,"minecraft:rotten_flesh":28,"apocalypsenow:baseball_bat":1,"minecraft:jungle_stairs":1,"apocalypsenow:pick":2,"minecraft:sandstone_stairs":5,"zombie_extreme:rotten_apple":4,"apocalypsenow:pipe":2,"apocalypsenow:magazine":1,"zombie_extreme:butcher_knife":4,"apocalypsenow:needle":2,"minecraft:white_wool":5,"minecraft:cobblestone":209,"zombie_extreme:fireaxe":12,"minecraft:feather":2,"zombie_extreme:pipe":6,"minecraft:water_bucket":9,"minecraft:jungle_log":1,"minecraft:leather":17,"bunker_down:steel_vent":1,"minecraft:potato":48,"apocalypsenow:green_bikers_helmet":2,"ava:small_pistol_magazine":6,"minecraft:flint":5,"minecraft:oak_log":11,"apocalypsenow:ducttape":6,"zombie_extreme:crowbar":1,"ava:large_pistol_magazine":20,"minecraft:dirt":8,"minecraft:blue_bed":7,"apocalypsenow:watch":3,"minecraft:leather_boots":2,"minecraft:cooked_mutton":4,"minecraft:smooth_sandstone":16,"minecraft:bone":12,"minecraft:apple":24,"zombie_extreme:ignot_bronze":1,"apocalypsenow:bandage":2,"minecraft:wheat_seeds":1,"apocalypsenow:gunpowder_can":4,"apocalypsenow:human_flesh":63,"projectvibrantjourneys:small_cactus":3,"minecraft:iron_ingot":3,"minecraft:stone_pickaxe":16,"minecraft:cobweb":11,"ava:sniper_ammo":114,"hunting_delight:rawsquid":1,"apocalypsenow:fire_figther_helmet":1,"zombie_extreme:cloth":8,"minecraft:glass_bottle":5,"minecraft:acacia_sapling":1,"minecraft:iron_sword":10,"minecraft:oak_planks":8,"minecraft:book":6,"zombie_extreme:syringe_drug":1,"minecraft:black_candle":12,"minecraft:sweet_berries":2,"apocalypsenow:small_can":4,"minecraft:red_wool":8,"projectvibrantjourneys:bones":3,"apocalypsenow:chips":1,"minecraft:sand":637,"apocalypsenow:long_knife":2,"apocalypsenow:hunting_chestplate":3,"minecraft:jungle_planks":20,"apocalypsenow:hanger":3,"minecraft:ink_sac":3,"hunting_delight:animal_fat":16,"apocalypsenow:cricket_bat":2,"ava:eu_standard_kevlar":7,"minecraft:soul_lantern":2,"apocalypsenow:rope":4,"minecraft:crossbow":2,"hunting_delight:broken_bone":355,"apocalypsenow:emptyconditioner":6,"minecraft:bread":83,"minecraft:emerald":4,"minecraft:blue_banner":2,"minecraft:baked_potato":12,"minecraft:oak_sapling":18,"ava:sr_2m_veresk_sumire":4,"apocalypsenow:brazilian_army_helmet":3,"minecraft:coal":20},"minecraft:killed_by":{"minecraft:player":3,"apocalypsenow:runner_53":3,"apocalypsenow:looter_1":5,"minecraft:zombie":3,"apocalypsenow:walker_33":2,"apocalypsenow:runner_45":1,"ava:eu_soldier":2},"minecraft:killed":{"minecraft:witch":1,"apocalypsenow:looter_1":4,"apocalypsenow:runner_39":1,"apocalypsenow:walker_33":1,"apocalypsenow:runner_53":1,"apocalypsenow:runner_38":1,"zombie_extreme:runner":1,"apocalypsenow:runner_34":1,"apocalypsenow:walker_30":1,"minecraft:husk":1,"apocalypsenow:runner_40":1,"apocalypsenow:walker_23":1,"apocalypsenow:walker_17":1,"apocalypsenow:walker_6":1},"minecraft:custom":{"minecraft:mob_kills":22,"minecraft:interact_with_crafting_table":11,"minecraft:open_barrel":9,"minecraft:leave_game":4,"minecraft:time_since_death":3806,"minecraft:climb_one_cm":34114,"minecraft:sprint_one_cm":395991,"minecraft:walk_one_cm":316586,"minecraft:damage_blocked_by_shield":250,"minecraft:drop":53,"minecraft:walk_under_water_one_cm":23504,"minecraft:play_time":155640,"minecraft:deaths":25,"minecraft:sneak_time":6432,"minecraft:boat_one_cm":654,"minecraft:jump":2427,"minecraft:walk_on_water_one_cm":44251,"minecraft:total_world_time":155640,"minecraft:interact_with_furnace":1,"minecraft:sleep_in_bed":10,"minecraft:time_since_rest":2737,"minecraft:damage_taken":11984,"minecraft:damage_dealt":3489,"minecraft:swim_one_cm":23204,"minecraft:fly_one_cm":443199,"minecraft:player_kills":2,"minecraft:open_chest":43,"minecraft:crouch_one_cm":21034,"minecraft:interact_with_smoker":1,"minecraft:fall_one_cm":58524},"minecraft:dropped":{"apocalypsenow:hanger":1,"minecraft:bread":9,"minecraft:iron_sword":1,"minecraft:glass_bottle":1,"apocalypsenow:emptyconditioner":1,"hunting_delight:humanmeat":16,"minecraft:crossbow":1,"apocalypsenow:long_knife":1,"hunting_delight:broken_bone":54,"zombie_extreme:cloth":1,"minecraft:jungle_planks":1,"minecraft:red_wool":2,"apocalypsenow:ducttape":2,"ava:binocular":1,"minecraft:stick":4,"projectvibrantjourneys:small_cactus":2,"minecraft:ink_sac":1,"zombie_extreme:baseball_bat":2,"hunting_delight:rawsquid":1,"apocalypsenow:pipe":1,"minecraft:wooden_sword":1,"minecraft:sand":3,"apocalypsenow:pick":1,"minecraft:bone":4,"minecraft:dark_oak_door":1,"minecraft:bowl":1,"minecraft:rotten_flesh":8,"minecraft:oak_planks":1,"apocalypsenow:baseball_bat":1,"apocalypsenow:magazine":1,"apocalypsenow:watch":1,"apocalypsenow:catana":1,"zombie_extreme:decomposing_backpack":1,"zombie_extreme:butcher_knife":1,"apocalypsenow:green_bikers_helmet":1,"apocalypsenow:broken_glass":1,"minecraft:wooden_pickaxe":1,"ava:shotgun_ammo":20,"apocalypsenow:cricket_bat":1,"apocalypsenow:human_flesh":7},"minecraft:broken":{"apocalypsenow:brazilian_army_helmet":1,"apocalypsenow:hunting_chestplate":1,"minecraft:stone_shovel":4},"minecraft:crafted":{"minecraft:oak_planks":28,"minecraft:stone_shovel":5,"minecraft:stone_pickaxe":2,"minecraft:crafting_table":2,"minecraft:wooden_pickaxe":1,"minecraft:oak_boat":1,"minecraft:stick":20,"minecraft:sandstone":12}},"DataVersion":3120}