{"stats":{"minecraft:mined":{"minecraft:red_bed":2,"minecraft:jungle_leaves":14,"minecraft:grass_block":1,"minecraft:acacia_log":1,"minecraft:jungle_log":1,"minecraft:dead_bush":1,"minecraft:tall_grass":2,"minecraft:glass":1,"minecraft:blue_bed":7,"minecraft:large_fern":1,"minecraft:iron_ore":7,"zombie_extreme:decomposing_backpack":3,"bunker_down:steel_vent":1,"minecraft:grass":6,"minecraft:potatoes":5,"minecraft:dirt":1,"minecraft:cobweb":1,"minecraft:stone":20},"minecraft:dropped":{"minecraft:bread":9,"apocalypsenow:magazine":1,"minecraft:wooden_sword":1},"minecraft:custom":{"minecraft:interact_with_furnace":1,"minecraft:mob_kills":17,"minecraft:open_barrel":6,"minecraft:leave_game":2,"minecraft:time_since_death":7428,"minecraft:sleep_in_bed":3,"minecraft:climb_one_cm":28430,"minecraft:time_since_rest":7456,"minecraft:sprint_one_cm":172562,"minecraft:damage_taken":2782,"minecraft:walk_one_cm":102527,"minecraft:damage_blocked_by_shield":250,"minecraft:drop":3,"minecraft:damage_dealt":2456,"minecraft:swim_one_cm":3071,"minecraft:fly_one_cm":210410,"minecraft:player_kills":2,"minecraft:open_chest":16,"minecraft:crouch_one_cm":2713,"minecraft:play_time":50985,"minecraft:deaths":10,"minecraft:sneak_time":1495,"minecraft:walk_under_water_one_cm":3664,"minecraft:jump":1131,"minecraft:walk_on_water_one_cm":4805,"minecraft:total_world_time":50985,"minecraft:fall_one_cm":27840},"minecraft:picked_up":{"minecraft:charcoal":30,"minecraft:crafting_table":1,"minecraft:wheat":5,"minecraft:feather":2,"minecraft:chicken":10,"zombie_extreme:pipe":6,"minecraft:jungle_log":1,"minecraft:leather":14,"bunker_down:steel_vent":1,"minecraft:potato":15,"minecraft:flint":5,"zombie_extreme:kitchen_knife":5,"minecraft:shield":7,"zombie_extreme:decomposing_backpack":15,"minecraft:dirt":8,"minecraft:blue_bed":7,"minecraft:string":1,"minecraft:red_bed":5,"zombie_extreme:chips":10,"minecraft:wooden_sword":1,"minecraft:cooked_mutton":4,"minecraft:leather_boots":2,"minecraft:bone":4,"apocalypsenow:cigarettes":2,"minecraft:apple":24,"minecraft:wheat_seeds":1,"apocalypsenow:human_flesh":42,"minecraft:red_sand":8,"minecraft:iron_ingot":3,"apocalypsenow:fire_axe":4,"minecraft:stone_pickaxe":5,"minecraft:cobweb":11,"apocalypsenow:red_football_armor_chestplate":1,"minecraft:jungle_sapling":1,"apocalypsenow:fire_figther_helmet":1,"zombie_extreme:cloth":5,"minecraft:acacia_sapling":1,"minecraft:iron_sword":7,"apocalypsenow:hookey_stick":2,"minecraft:egg":17,"minecraft:stick":17,"minecraft:raw_iron":21,"minecraft:black_candle":12,"minecraft:sweet_berries":2,"apocalypsenow:small_can":4,"hunting_delight:humanmeat":38,"minecraft:bowl":4,"minecraft:porkchop":5,"apocalypsenow:chips":1,"apocalypsenow:cutter_knife":1,"projectvibrantjourneys:bones":3,"minecraft:spruce_fence":1,"apocalypsenow:hunting_chestplate":3,"minecraft:cookie":5,"minecraft:carrot":12,"apocalypsenow:camping_knife":4,"hunting_delight:animal_fat":16,"minecraft:stone_sword":1,"minecraft:rotten_flesh":18,"minecraft:soul_lantern":2,"zombie_extreme:rotten_apple":4,"hunting_delight:broken_bone":199,"minecraft:emerald":4,"minecraft:bread":42,"minecraft:baked_potato":12,"apocalypsenow:magazine":1,"minecraft:oak_sapling":18,"apocalypsenow:brazilian_army_helmet":3,"apocalypsenow:needle":1,"minecraft:white_wool":5,"minecraft:cobblestone":59},"minecraft:used":{"bunker_down:steel_vent":1,"minecraft:red_sand":8,"minecraft:stone_sword":1,"zombie_extreme:decomposing_backpack":1,"minecraft:stone_pickaxe":28,"minecraft:shield":31,"minecraft:iron_sword":40,"minecraft:blue_bed":6,"zombie_extreme:kitchen_knife":2,"minecraft:red_bed":1,"apocalypsenow:camping_knife":16,"minecraft:bread":5,"apocalypsenow:hookey_stick":1,"apocalypsenow:fire_axe":4,"minecraft:wooden_sword":5,"minecraft:cobblestone":1,"minecraft:egg":1},"minecraft:killed":{"apocalypsenow:walker_30":1,"minecraft:husk":1,"apocalypsenow:looter_1":4,"apocalypsenow:runner_39":1,"apocalypsenow:runner_53":1,"apocalypsenow:walker_33":1,"apocalypsenow:runner_38":1,"apocalypsenow:runner_34":1,"apocalypsenow:walker_6":1},"minecraft:broken":{"apocalypsenow:brazilian_army_helmet":1,"apocalypsenow:hunting_chestplate":1},"minecraft:killed_by":{"minecraft:player":2,"apocalypsenow:walker_33":2,"apocalypsenow:runner_45":1,"apocalypsenow:looter_1":4}},"DataVersion":3120}