{"stats":{"minecraft:killed_by":{"undead_revamp2:thehorrors":1},"minecraft:picked_up":{"minecraft:crafting_table":1,"minecraft:rotten_flesh":1,"minecraft:oak_log":4,"tombstone:grave_dust":1,"minecraft:dirt":8,"minecraft:cobblestone":17},"minecraft:custom":{"minecraft:time_since_rest":3614,"minecraft:crouch_one_cm":689,"minecraft:walk_one_cm":9590,"minecraft:sprint_one_cm":31139,"minecraft:play_time":13277,"minecraft:damage_taken":495,"minecraft:deaths":2,"minecraft:sneak_time":269,"minecraft:drop":7,"minecraft:jump":318,"minecraft:damage_dealt":10,"minecraft:leave_game":1,"minecraft:time_since_death":3872,"minecraft:total_world_time":13277,"minecraft:interact_with_crafting_table":4,"minecraft:fall_one_cm":13060,"minecraft:fly_one_cm":75268},"minecraft:dropped":{"minecraft:rotten_flesh":1,"minecraft:stone_pickaxe":1,"minecraft:wooden_pickaxe":1,"guideapi_vp:vampirism-guidebook":1,"alexsmobs:animal_dictionary":1,"patchouli:guide_book":1,"tombstone:grave_dust":1},"minecraft:used":{"minecraft:stone_axe":1,"minecraft:crafting_table":1,"minecraft:wooden_pickaxe":25},"minecraft:crafted":{"minecraft:stone_sword":1,"minecraft:oak_planks":16,"minecraft:stone_axe":1,"minecraft:crafting_table":1,"minecraft:stick":12,"minecraft:stone_pickaxe":2,"minecraft:wooden_pickaxe":1},"minecraft:mined":{"minecraft:grass":1,"minecraft:grass_block":2,"minecraft:oak_log":4,"minecraft:dirt":6,"minecraft:stone":17,"minecraft:crafting_table":1,"minecraft:oak_leaves":8}},"DataVersion":3465}