{"stats":{"minecraft:killed_by":{"cataclysm:deepling_angler":1,"minecraft:skeleton":1,"minecraft:pillager":2,"undead_revamp2:thehorrors":1},"minecraft:picked_up":{"minecraft:crafting_table":3,"minecraft:prismarine_slab":1,"minecraft:ladder":4,"minecraft:glow_ink_sac":8,"minecraft:black_bed":4,"minecraft:leather":2,"minecraft:smithing_table":1,"minecraft:lead":4,"minecraft:oak_stairs":1,"minecraft:oak_log":11,"minecraft:dirt":10,"minecraft:string":1,"minecraft:lantern":2,"minecraft:stone_bricks":2,"mysticalagriculture:inferium_essence":4,"minecraft:spruce_planks":10,"minecraft:iron_ingot":5,"minecraft:beef":3,"minecraft:oak_boat":1,"minecraft:fletching_table":1,"minecraft:spruce_slab":3,"tombstone:tablet_of_assistance":1,"minecraft:coal_block":10,"minecraft:oak_planks":43,"minecraft:dark_oak_stairs":1,"minecraft:furnace":3,"minecraft:book":78,"minecraft:golden_helmet":1,"minecraft:oak_slab":14,"minecraft:stripped_crimson_hyphae":12,"minecraft:raw_iron":1,"minecraft:torch":2,"minecraft:spruce_stairs":8,"minecraft:porkchop":1,"minecraft:sand":2,"minecraft:jungle_planks":2,"tombstone:grave_dust":1,"minecraft:spruce_log":5,"minecraft:mossy_cobblestone":1,"minecraft:dark_oak_planks":8,"minecraft:rotten_flesh":1,"waystones:waystone":2,"minecraft:hay_block":14,"minecraft:iron_block":1,"minecraft:gold_ingot":2,"minecraft:emerald":2,"minecraft:light_gray_carpet":4,"minecraft:cobblestone":19},"minecraft:crafted":{"minecraft:crimson_planks":12,"minecraft:oak_planks":44,"minecraft:crafting_table":2,"minecraft:spruce_planks":104,"minecraft:wooden_pickaxe":1,"minecraft:furnace":1,"minecraft:stone_axe":1,"minecraft:bread":54,"minecraft:air":0,"minecraft:oak_boat":3,"minecraft:shield":2,"minecraft:stick":12,"minecraft:iron_ingot":5,"minecraft:stone_pickaxe":2,"minecraft:iron_pickaxe":1,"minecraft:stone_sword":1,"minecraft:spruce_boat":1,"quark:spruce_chest":8,"minecraft:dark_oak_planks":32,"minecraft:wheat":126},"minecraft:mined":{"minecraft:dark_oak_planks":8,"minecraft:smithing_table":1,"minecraft:podzol":1,"minecraft:oak_slab":2,"minecraft:light_gray_carpet":5,"minecraft:spruce_planks":1,"minecraft:mossy_cobblestone":1,"minecraft:crafting_table":3,"minecraft:grass_block":3,"minecraft:mushroom_stem":4,"minecraft:coal_block":10,"minecraft:cobblestone":2,"minecraft:spruce_leaves":6,"minecraft:oak_planks":14,"minecraft:wall_torch":1,"minecraft:spawner":1,"minecraft:large_fern":5,"minecraft:hay_block":14,"minecraft:coarse_dirt":1,"minecraft:furnace":3,"minecraft:iron_ore":1,"minecraft:spruce_log":5,"minecraft:black_bed":3,"minecraft:fletching_table":1,"minecraft:dark_oak_stairs":1,"minecraft:grass":4,"minecraft:bookshelf":26,"minecraft:oak_log":11,"minecraft:sand":2,"minecraft:dirt":7,"minecraft:stone":17,"minecraft:stone_bricks":2,"minecraft:iron_block":1,"minecraft:oak_leaves":8,"minecraft:spruce_slab":3,"minecraft:fern":2},"minecraft:killed":{"minecraft:pig":1,"minecraft:vindicator":1,"minecraft:cow":3},"minecraft:dropped":{"minecraft:oak_slab":1,"minecraft:glow_ink_sac":8,"alexsmobs:animal_dictionary":1,"minecraft:rotten_flesh":1,"minecraft:lead":4,"tombstone:tablet_of_assistance":1,"guideapi_vp:vampirism-guidebook":1,"patchouli:guide_book":1,"minecraft:stick":1,"minecraft:flint":4,"minecraft:shield":1,"mysticalagriculture:inferium_essence":4,"minecraft:ladder":4,"tombstone:grave_dust":2,"rustic_engineer:book_spidermech":1,"minecraft:stone_pickaxe":2,"minecraft:wooden_pickaxe":1,"minecraft:string":1},"minecraft:used":{"minecraft:cooked_mutton":4,"minecraft:dark_oak_stairs":1,"minecraft:stone_sword":22,"minecraft:stone_pickaxe":8,"minecraft:light_gray_carpet":3,"minecraft:spruce_planks":21,"minecraft:wooden_pickaxe":25,"minecraft:shield":2,"minecraft:fletching_table":1,"minecraft:mossy_cobblestone":1,"minecraft:sand":2,"minecraft:oak_slab":1,"minecraft:crafting_table":5,"minecraft:jungle_planks":2,"waystones:waystone":1,"minecraft:black_bed":4,"minecraft:spruce_boat":1,"minecraft:dark_oak_planks":28,"quark:spruce_chest":8,"minecraft:lantern":1,"minecraft:iron_pickaxe":17,"minecraft:bread":14,"minecraft:crimson_planks":1,"minecraft:prismarine_slab":1,"minecraft:golden_helmet":1,"minecraft:stone_axe":71,"minecraft:stripped_crimson_hyphae":9,"minecraft:furnace":2,"tombstone:gift":1,"minecraft:oak_boat":3},"minecraft:custom":{"minecraft:interact_with_furnace":2,"minecraft:mob_kills":5,"tombstone:raider_killed":1,"minecraft:interact_with_crafting_table":15,"minecraft:open_barrel":19,"minecraft:leave_game":6,"minecraft:time_since_death":41119,"minecraft:sleep_in_bed":4,"minecraft:climb_one_cm":5109,"minecraft:waystone_activated":2,"minecraft:time_since_rest":8095,"minecraft:sprint_one_cm":174436,"minecraft:damage_taken":2365,"minecraft:walk_one_cm":91124,"minecraft:damage_blocked_by_shield":120,"minecraft:drop":33,"minecraft:damage_dealt":845,"minecraft:swim_one_cm":16016,"minecraft:fly_one_cm":361853,"minecraft:open_chest":25,"minecraft:crouch_one_cm":4496,"minecraft:play_time":87934,"minecraft:deaths":6,"minecraft:sneak_time":1617,"minecraft:walk_under_water_one_cm":4973,"minecraft:boat_one_cm":1189,"minecraft:jump":1484,"minecraft:walk_on_water_one_cm":14117,"minecraft:total_world_time":87934,"minecraft:fall_one_cm":46298}},"DataVersion":3465}