{"stats":{"minecraft:killed_by":{"cataclysm:deepling_angler":1,"minecraft:wither_skeleton":1,"minecraft:creeper":1,"minecraft:pillager":2,"undead_revamp2:thehorrors":1,"minecraft:skeleton":2},"minecraft:picked_up":{"minecraft:end_stone_bricks":1,"minecraft:crafting_table":5,"minecraft:wheat":2,"minecraft:ladder":4,"minecraft:smithing_table":3,"minecraft:lead":4,"minecraft:oak_stairs":1,"minecraft:enchanted_book":1,"minecraft:crimson_planks":11,"minecraft:string":1,"minecraft:flint_and_steel":1,"irons_spellbooks:arcane_essence":18,"quark:spruce_chest":7,"mysticalagriculture:inferium_essence":8,"minecraft:spruce_planks":32,"minecraft:beef":6,"minecraft:oak_boat":5,"minecraft:spruce_slab":3,"tombstone:tablet_of_assistance":1,"minecraft:coal_block":30,"minecraft:furnace":9,"minecraft:egg":1,"minecraft:golden_helmet":1,"minecraft:stripped_crimson_hyphae":12,"minecraft:raw_iron":1,"irons_spellbooks:shriving_stone":2,"minecraft:torch":4,"minecraft:spruce_stairs":16,"minecraft:porkchop":4,"tombstone:grave_dust":1,"vampirism:vampire_fang":1,"minecraft:carrot":26,"minecraft:dark_oak_planks":8,"easy_villagers:villager":2,"minecraft:rotten_flesh":2,"minecraft:peony":25,"minecraft:hay_block":14,"minecraft:iron_block":1,"minecraft:gold_ingot":18,"minecraft:stripped_birch_wood":3,"minecraft:mutton":5,"minecraft:cobblestone":19,"minecraft:prismarine_slab":1,"minecraft:glow_ink_sac":8,"minecraft:black_bed":6,"minecraft:leather":6,"minecraft:potato":58,"minecraft:oak_log":54,"minecraft:gunpowder":12,"minecraft:dirt":10,"minecraft:paper":21,"minecraft:lantern":3,"tombstone:gift":1,"minecraft:bone":4,"minecraft:apple":6,"minecraft:stone_bricks":4,"minecraft:iron_ingot":5,"minecraft:dark_oak_sign":1,"minecraft:fletching_table":1,"minecraft:iron_sword":1,"minecraft:oak_planks":101,"minecraft:dark_oak_stairs":1,"minecraft:book":234,"minecraft:oak_slab":26,"irons_spellbooks:frozen_bone":2,"minecraft:stripped_acacia_wood":1,"minecraft:sand":2,"minecraft:jungle_planks":2,"minecraft:spruce_sapling":1,"minecraft:cyan_bed":1,"minecraft:spruce_log":5,"minecraft:mossy_cobblestone":1,"waystones:waystone":3,"minecraft:gray_wool":3,"minecraft:emerald":42,"minecraft:bread":1,"minecraft:light_gray_carpet":4,"minecraft:acacia_slab":1,"minecraft:coal":14,"irons_spellbooks:scroll":8},"minecraft:crafted":{"minecraft:oak_planks":216,"minecraft:furnace":1,"tombstone:grave_key":4,"minecraft:stone_pickaxe":2,"minecraft:spruce_boat":1,"quark:spruce_chest":8,"minecraft:dark_oak_planks":32,"minecraft:gray_bed":1,"minecraft:wheat":126,"minecraft:crimson_planks":12,"minecraft:crafting_table":3,"minecraft:spruce_planks":104,"minecraft:wooden_pickaxe":1,"minecraft:stone_axe":1,"minecraft:bread":64,"minecraft:air":0,"minecraft:oak_boat":3,"minecraft:spruce_trapdoor":2,"minecraft:iron_chestplate":1,"minecraft:shield":2,"minecraft:stick":12,"minecraft:iron_ingot":15,"minecraft:iron_pickaxe":1,"minecraft:stone_sword":1,"minecraft:iron_leggings":1,"minecraft:acacia_planks":4},"minecraft:mined":{"minecraft:spruce_planks":6,"minecraft:mossy_cobblestone":1,"minecraft:grass_block":3,"minecraft:coal_block":10,"minecraft:spruce_leaves":6,"minecraft:spawner":10,"minecraft:large_fern":5,"minecraft:hay_block":14,"minecraft:furnace":6,"minecraft:iron_ore":1,"minecraft:fletching_table":1,"minecraft:peony":29,"minecraft:dark_oak_stairs":1,"minecraft:bookshelf":26,"minecraft:end_stone_bricks":2,"minecraft:stone":18,"minecraft:iron_block":1,"minecraft:spruce_slab":4,"minecraft:smithing_table":1,"minecraft:podzol":1,"minecraft:oak_slab":2,"minecraft:light_gray_carpet":5,"minecraft:crafting_table":5,"minecraft:cornflower":1,"minecraft:mushroom_stem":4,"minecraft:tall_grass":27,"minecraft:cobblestone":2,"minecraft:cyan_bed":1,"minecraft:oak_planks":17,"minecraft:wall_torch":1,"minecraft:gray_wool":4,"minecraft:coarse_dirt":1,"minecraft:spruce_log":5,"minecraft:black_bed":5,"minecraft:grass":15,"minecraft:oak_log":55,"quark:spruce_chest":4,"minecraft:sand":2,"minecraft:dirt":7,"minecraft:stripped_birch_wood":2,"minecraft:stripped_acacia_wood":1,"minecraft:stone_bricks":2,"minecraft:oak_leaves":10,"minecraft:fern":2,"minecraft:dark_oak_planks":8},"minecraft:killed":{"vampirism:vampire":2,"undead_revamp2:thehunter":1,"minecraft:vindicator":1,"alexsmobs:seagull":1,"minecraft:skeleton":2,"undead_revamp2:sucker":1,"undead_revamp2:thespitter":1,"minecraft:pig":1,"minecraft:creeper":1,"minecraft:zombie":3,"minecraft:wither_skeleton":5,"minecraft:cow":3},"minecraft:dropped":{"minecraft:crimson_planks":11,"minecraft:enchanted_book":1,"minecraft:oak_slab":1,"minecraft:glow_ink_sac":8,"minecraft:stripped_birch_wood":3,"minecraft:lead":4,"tombstone:tablet_of_assistance":1,"minecraft:apple":3,"minecraft:flint":4,"minecraft:stick":1,"tombstone:grave_dust":2,"rustic_engineer:book_spidermech":1,"minecraft:string":1,"minecraft:bone":4,"minecraft:stone_sword":1,"alexsmobs:animal_dictionary":1,"minecraft:dark_oak_sign":1,"tombstone:gift":1,"minecraft:rotten_flesh":2,"guideapi_vp:vampirism-guidebook":1,"patchouli:guide_book":1,"minecraft:chainmail_chestplate":1,"minecraft:shield":1,"minecraft:spruce_trapdoor":2,"vampirism:vampire_fang":1,"minecraft:peony":25,"mysticalagriculture:inferium_essence":7,"minecraft:acacia_slab":1,"minecraft:ladder":4,"minecraft:end_stone_bricks":1,"minecraft:wooden_pickaxe":1,"minecraft:stone_pickaxe":2,"minecraft:egg":1},"minecraft:used":{"minecraft:stone_sword":22,"minecraft:light_gray_carpet":3,"minecraft:spruce_planks":21,"minecraft:shield":12,"minecraft:iron_sword":122,"minecraft:iron_chestplate":1,"minecraft:jungle_planks":2,"minecraft:spruce_boat":1,"minecraft:dark_oak_planks":28,"quark:spruce_chest":9,"minecraft:lantern":1,"minecraft:crimson_planks":1,"minecraft:prismarine_slab":1,"minecraft:gunpowder":2,"minecraft:furnace":4,"minecraft:gray_bed":1,"tombstone:gift":3,"minecraft:acacia_planks":4,"minecraft:iron_leggings":1,"minecraft:cooked_mutton":4,"minecraft:dark_oak_stairs":1,"minecraft:stone_pickaxe":8,"minecraft:oak_planks":206,"minecraft:wooden_pickaxe":25,"minecraft:fletching_table":1,"minecraft:mossy_cobblestone":1,"minecraft:sand":2,"minecraft:oak_slab":1,"minecraft:crafting_table":8,"minecraft:black_bed":6,"waystones:waystone":3,"minecraft:bread":30,"minecraft:cyan_bed":1,"minecraft:iron_pickaxe":34,"tombstone:grave_key":1,"minecraft:golden_helmet":1,"minecraft:stone_axe":132,"minecraft:stripped_crimson_hyphae":9,"minecraft:oak_boat":5},"minecraft:custom":{"minecraft:mob_kills":22,"minecraft:interact_with_crafting_table":22,"minecraft:open_barrel":38,"minecraft:leave_game":9,"minecraft:time_since_death":12010,"minecraft:climb_one_cm":5137,"minecraft:sprint_one_cm":281868,"minecraft:walk_one_cm":141227,"minecraft:damage_blocked_by_shield":660,"minecraft:drop":55,"minecraft:play_time":139447,"minecraft:deaths":10,"minecraft:sneak_time":5786,"minecraft:walk_under_water_one_cm":5456,"minecraft:boat_one_cm":1189,"minecraft:jump":2292,"minecraft:walk_on_water_one_cm":14880,"minecraft:total_world_time":139447,"minecraft:interact_with_furnace":6,"tombstone:raider_killed":1,"minecraft:sleep_in_bed":6,"minecraft:time_since_rest":9167,"minecraft:waystone_activated":4,"minecraft:damage_taken":5703,"minecraft:damage_dealt":5068,"minecraft:swim_one_cm":17966,"minecraft:fly_one_cm":510901,"minecraft:open_chest":55,"minecraft:crouch_one_cm":12068,"tombstone:undead_killed":13,"minecraft:fall_one_cm":85984},"minecraft:broken":{"minecraft:stone_axe":1}},"DataVersion":3465}