{"stats":{"minecraft:mined":{"zombie_extreme:decomposing_backpack":3,"minecraft:acacia_log":1,"minecraft:dead_bush":1,"minecraft:blue_bed":5},"minecraft:dropped":{"apocalypsenow:magazine":1,"minecraft:bread":9,"minecraft:wooden_sword":1},"minecraft:picked_up":{"minecraft:charcoal":5,"minecraft:stick":4,"minecraft:black_candle":2,"minecraft:feather":1,"zombie_extreme:pipe":2,"minecraft:leather":1,"minecraft:bowl":2,"apocalypsenow:hunting_chestplate":1,"minecraft:flint":1,"zombie_extreme:kitchen_knife":1,"minecraft:cookie":1,"minecraft:shield":1,"zombie_extreme:decomposing_backpack":5,"minecraft:blue_bed":4,"zombie_extreme:chips":1,"minecraft:wooden_sword":1,"minecraft:leather_boots":1,"minecraft:rotten_flesh":3,"minecraft:bone":4,"apocalypsenow:cigarettes":1,"apocalypsenow:human_flesh":1,"minecraft:soul_lantern":1,"zombie_extreme:rotten_apple":2,"hunting_delight:broken_bone":8,"minecraft:cobweb":11,"minecraft:bread":16,"zombie_extreme:cloth":1,"apocalypsenow:magazine":1,"apocalypsenow:brazilian_army_helmet":1,"minecraft:iron_sword":2,"apocalypsenow:hookey_stick":1,"minecraft:white_wool":1,"minecraft:egg":1},"minecraft:custom":{"minecraft:time_since_rest":1564,"minecraft:interact_with_furnace":1,"minecraft:sprint_one_cm":65188,"minecraft:damage_taken":596,"minecraft:walk_one_cm":38438,"minecraft:damage_blocked_by_shield":250,"minecraft:mob_kills":1,"minecraft:drop":3,"minecraft:damage_dealt":441,"minecraft:fly_one_cm":65187,"minecraft:player_kills":1,"minecraft:open_barrel":4,"minecraft:open_chest":4,"minecraft:crouch_one_cm":36,"minecraft:play_time":18140,"minecraft:deaths":2,"minecraft:sneak_time":685,"minecraft:walk_under_water_one_cm":923,"minecraft:jump":361,"minecraft:leave_game":1,"minecraft:walk_on_water_one_cm":1597,"minecraft:time_since_death":1538,"minecraft:sleep_in_bed":1,"minecraft:total_world_time":18140,"minecraft:climb_one_cm":10684,"minecraft:fall_one_cm":9453},"minecraft:used":{"zombie_extreme:decomposing_backpack":1,"minecraft:bread":2,"apocalypsenow:hookey_stick":1,"minecraft:shield":31,"minecraft:iron_sword":12,"minecraft:blue_bed":3,"minecraft:wooden_sword":5,"minecraft:egg":1},"minecraft:killed":{"minecraft:husk":1,"apocalypsenow:runner_38":1},"minecraft:killed_by":{"minecraft:player":1,"apocalypsenow:runner_45":1}},"DataVersion":3120}