{"stats":{"minecraft:killed_by":{"cataclysm:deepling_angler":1,"minecraft:wither_skeleton":1,"minecraft:creeper":1,"minecraft:pillager":2,"undead_revamp2:thehorrors":1,"minecraft:skeleton":3,"minecraft:zombie":1},"minecraft:picked_up":{"minecraft:end_stone_bricks":1,"minecraft:iron_chestplate":1,"minecraft:crafting_table":5,"minecraft:wheat":2,"minecraft:ladder":4,"supplementaries:bomb_blue":1,"minecraft:smithing_table":3,"minecraft:lead":4,"minecraft:oak_stairs":8,"vampirism:heart_striker_enhanced":2,"minecraft:potion":1,"minecraft:enchanted_book":1,"rustic_engineer:book_spidermech":1,"minecraft:crimson_planks":11,"minecraft:brewing_stand":1,"minecraft:string":5,"minecraft:flint_and_steel":1,"vampirism:obi_belt":1,"irons_spellbooks:arcane_essence":28,"quark:spruce_chest":7,"mysticalagriculture:inferium_essence":9,"minecraft:spruce_planks":63,"minecraft:beef":6,"minecraft:oak_boat":5,"minecraft:poppy":1,"minecraft:spruce_slab":4,"minecraft:lectern":1,"tombstone:tablet_of_assistance":1,"minecraft:coal_block":30,"minecraft:furnace":9,"minecraft:egg":1,"minecraft:golden_helmet":1,"minecraft:stripped_crimson_hyphae":12,"minecraft:raw_iron":1,"irons_spellbooks:shriving_stone":2,"minecraft:torch":4,"minecraft:spruce_stairs":19,"minecraft:porkchop":4,"werewolves:raw_silver":1,"vampirism:holy_water_bottle_enhanced":4,"tombstone:grave_dust":1,"vampirism:vampire_fang":1,"minecraft:carrot":26,"minecraft:dark_oak_planks":8,"easy_villagers:villager":3,"minecraft:arrow":1,"minecraft:rotten_flesh":12,"minecraft:peony":121,"farmersdelight:rope":15,"minecraft:hay_block":14,"minecraft:iron_block":2,"quark:indigo_corundum_cluster":1,"minecraft:gold_ingot":18,"supplementaries:ash":2,"minecraft:stripped_birch_wood":3,"minecraft:mutton":5,"minecraft:bone_block":1,"minecraft:cobblestone":20,"vampirism:vampire_book":2,"minecraft:prismarine_slab":1,"farmersdelight:rice":4,"minecraft:glow_ink_sac":8,"minecraft:black_bed":6,"minecraft:leather":8,"minecraft:potato":58,"werewolves:dream_catcher":1,"minecraft:oak_log":54,"minecraft:yellow_bed":2,"minecraft:gunpowder":12,"farmersdelight:skillet":1,"rustic_engineer:book_airship":2,"minecraft:dirt":10,"minecraft:paper":21,"minecraft:lantern":3,"tombstone:gift":1,"minecraft:name_tag":2,"minecraft:bone":5,"minecraft:apple":6,"minecraft:stone_bricks":4,"rustic_engineer:book_dragon_fly":1,"minecraft:wheat_seeds":2,"minecraft:iron_ingot":5,"minecraft:dark_oak_sign":1,"tombstone:bag_of_seeds":1,"minecraft:fletching_table":1,"minecraft:iron_sword":1,"minecraft:oak_planks":112,"minecraft:dark_oak_stairs":3,"sophisticatedbackpacks:diamond_backpack":1,"minecraft:book":255,"minecraft:oak_slab":26,"irons_spellbooks:frozen_bone":2,"minecraft:stripped_acacia_wood":4,"minecraft:sand":2,"minecraft:jungle_planks":2,"minecraft:spruce_sapling":1,"minecraft:cyan_bed":1,"minecraft:spruce_log":5,"vampirism:hunter_axe_ultimate":2,"minecraft:mossy_cobblestone":1,"irons_spellbooks:divine_pearl":7,"waystones:waystone":3,"minecraft:iron_helmet":1,"minecraft:gray_wool":3,"minecraft:emerald":42,"minecraft:bread":3,"werewolves:cracked_bone":1,"minecraft:light_gray_carpet":4,"minecraft:acacia_slab":1,"minecraft:coal":14,"irons_spellbooks:scroll":8},"minecraft:crafted":{"minecraft:oak_planks":216,"minecraft:furnace":1,"minecraft:diamond_leggings":1,"minecraft:diamond_helmet":1,"minecraft:iron_boots":1,"minecraft:iron_axe":1,"tombstone:grave_key":4,"minecraft:stone_pickaxe":2,"minecraft:diamond_boots":2,"minecraft:spruce_boat":1,"quark:spruce_chest":8,"minecraft:dark_oak_planks":32,"minecraft:gray_bed":1,"sophisticatedbackpacks:iron_backpack":1,"minecraft:wheat":126,"minecraft:crimson_planks":12,"sophisticatedbackpacks:backpack":1,"minecraft:crafting_table":5,"minecraft:spruce_planks":104,"minecraft:wooden_pickaxe":1,"sophisticatedbackpacks:gold_backpack":1,"minecraft:stone_axe":1,"minecraft:bread":64,"minecraft:air":0,"minecraft:oak_boat":3,"minecraft:spruce_trapdoor":2,"minecraft:diamond_pickaxe":2,"minecraft:iron_chestplate":1,"minecraft:shield":2,"sophisticatedbackpacks:diamond_backpack":1,"minecraft:stick":20,"minecraft:iron_ingot":24,"minecraft:iron_pickaxe":1,"minecraft:stone_sword":1,"minecraft:iron_leggings":1,"minecraft:acacia_planks":8,"minecraft:diamond_chestplate":2},"minecraft:mined":{"minecraft:spruce_planks":25,"minecraft:mossy_cobblestone":1,"minecraft:brewing_stand":1,"minecraft:grass_block":3,"minecraft:coal_block":10,"minecraft:spruce_leaves":6,"minecraft:spawner":10,"minecraft:large_fern":5,"minecraft:hay_block":14,"minecraft:furnace":6,"minecraft:iron_ore":1,"minecraft:fletching_table":1,"minecraft:peony":29,"minecraft:dark_oak_stairs":1,"minecraft:bookshelf":33,"minecraft:oak_stairs":3,"minecraft:potted_cornflower":1,"minecraft:end_stone_bricks":2,"minecraft:stone":19,"minecraft:iron_block":2,"minecraft:spruce_slab":5,"minecraft:smithing_table":1,"minecraft:podzol":1,"minecraft:oak_slab":2,"minecraft:light_gray_carpet":5,"minecraft:crafting_table":5,"minecraft:cornflower":1,"minecraft:lectern":1,"minecraft:mushroom_stem":4,"minecraft:tall_grass":41,"minecraft:cobblestone":2,"minecraft:cyan_bed":1,"minecraft:oak_planks":23,"minecraft:wall_torch":1,"minecraft:gray_wool":4,"minecraft:coarse_dirt":1,"minecraft:spruce_log":5,"minecraft:black_bed":5,"minecraft:yellow_bed":2,"minecraft:grass":27,"minecraft:oak_log":55,"quark:spruce_chest":4,"minecraft:sand":2,"minecraft:dirt":7,"minecraft:stripped_birch_wood":2,"minecraft:stripped_acacia_wood":2,"minecraft:stone_bricks":2,"minecraft:oak_leaves":10,"minecraft:fern":2,"minecraft:dark_oak_planks":8},"minecraft:killed":{"undead_revamp2:thewolf":1,"vampirism:vampire":3,"undead_revamp2:thehunter":2,"minecraft:vindicator":1,"alexsmobs:seagull":1,"undead_revamp2:theswarmer":1,"minecraft:horse":1,"minecraft:skeleton":4,"minecraft:bee":1,"undead_revamp2:sucker":3,"undead_revamp2:thespitter":1,"minecraft:cat":2,"minecraft:pig":1,"undead_revamp2:the_moonflower":1,"minecraft:creeper":1,"minecraft:zombie":8,"minecraft:wither_skeleton":5,"minecraft:cow":3},"minecraft:dropped":{"minecraft:crimson_planks":11,"minecraft:enchanted_book":1,"minecraft:oak_slab":1,"minecraft:wheat_seeds":2,"minecraft:glow_ink_sac":8,"minecraft:diamond_leggings":1,"minecraft:stripped_birch_wood":3,"minecraft:lead":4,"tombstone:tablet_of_assistance":1,"minecraft:apple":3,"minecraft:honeycomb":1,"minecraft:flint":4,"minecraft:stick":3,"werewolves:cracked_bone":1,"minecraft:diamond_helmet":1,"tombstone:grave_dust":2,"minecraft:potion":1,"minecraft:oak_stairs":2,"rustic_engineer:book_spidermech":1,"minecraft:bone_block":1,"irons_spellbooks:shriving_stone":1,"minecraft:string":1,"minecraft:bone":5,"minecraft:golden_chestplate":1,"minecraft:stone_sword":1,"alexsmobs:animal_dictionary":1,"minecraft:dark_oak_sign":1,"tombstone:gift":1,"minecraft:rotten_flesh":8,"minecraft:iron_boots":1,"guideapi_vp:vampirism-guidebook":1,"vampirism:heart_striker_enhanced":2,"sophisticatedbackpacks:diamond_backpack":1,"patchouli:guide_book":1,"minecraft:chainmail_chestplate":1,"minecraft:poppy":1,"supplementaries:ash":2,"minecraft:shield":1,"minecraft:gunpowder":5,"minecraft:diamond_chestplate":1,"minecraft:spruce_trapdoor":2,"vampirism:vampire_fang":1,"minecraft:peony":121,"minecraft:diamond_pickaxe":1,"minecraft:iron_chestplate":2,"mysticalagriculture:inferium_essence":7,"minecraft:acacia_slab":1,"minecraft:ladder":4,"vampirism:hunter_axe_ultimate":2,"easy_villagers:villager":1,"minecraft:diamond_boots":1,"minecraft:arrow":1,"minecraft:end_stone_bricks":1,"minecraft:wooden_pickaxe":1,"minecraft:stone_pickaxe":2,"minecraft:egg":1},"minecraft:used":{"minecraft:stripped_acacia_wood":2,"minecraft:stone_sword":22,"minecraft:spruce_slab":1,"minecraft:light_gray_carpet":3,"minecraft:spruce_planks":60,"minecraft:shield":32,"minecraft:iron_sword":223,"minecraft:iron_chestplate":1,"minecraft:jungle_planks":2,"minecraft:spruce_boat":1,"minecraft:dark_oak_planks":28,"quark:spruce_chest":11,"minecraft:iron_axe":38,"minecraft:lantern":2,"minecraft:oak_stairs":1,"minecraft:iron_boots":1,"minecraft:totem_of_undying":2,"minecraft:crimson_planks":1,"minecraft:prismarine_slab":1,"supplementaries:bomb_blue":1,"minecraft:gunpowder":2,"minecraft:furnace":7,"minecraft:gray_bed":1,"tombstone:gift":3,"minecraft:acacia_planks":4,"minecraft:iron_leggings":1,"minecraft:cooked_mutton":4,"minecraft:dark_oak_stairs":1,"minecraft:stone_pickaxe":8,"minecraft:oak_planks":230,"minecraft:wooden_pickaxe":25,"tombstone:tablet_of_guard":1,"minecraft:fletching_table":1,"minecraft:mossy_cobblestone":1,"minecraft:sand":2,"minecraft:oak_slab":1,"minecraft:crafting_table":10,"minecraft:black_bed":6,"waystones:waystone":3,"minecraft:bread":64,"minecraft:cyan_bed":1,"minecraft:iron_pickaxe":37,"tombstone:grave_key":1,"minecraft:golden_helmet":1,"minecraft:stone_axe":132,"minecraft:cobblestone":1,"minecraft:stripped_crimson_hyphae":9,"minecraft:yellow_bed":1,"minecraft:oak_boat":5,"minecraft:splash_potion":1},"minecraft:custom":{"minecraft:mob_kills":41,"minecraft:interact_with_crafting_table":43,"minecraft:open_barrel":41,"minecraft:damage_dealt_resisted":130,"minecraft:leave_game":10,"minecraft:time_since_death":22658,"minecraft:climb_one_cm":5137,"minecraft:sprint_one_cm":445863,"minecraft:walk_one_cm":213127,"minecraft:damage_blocked_by_shield":2550,"minecraft:drop":95,"minecraft:talked_to_villager":13,"minecraft:play_time":180701,"minecraft:deaths":12,"minecraft:sneak_time":8613,"minecraft:walk_under_water_one_cm":5764,"minecraft:boat_one_cm":1189,"minecraft:jump":2917,"minecraft:walk_on_water_one_cm":16191,"minecraft:total_world_time":180701,"minecraft:interact_with_furnace":6,"tombstone:raider_killed":1,"minecraft:sleep_in_bed":9,"minecraft:time_since_rest":252,"minecraft:waystone_activated":4,"minecraft:damage_taken":8183,"minecraft:damage_absorbed":52,"minecraft:damage_dealt":8812,"minecraft:swim_one_cm":18497,"minecraft:fly_one_cm":679865,"minecraft:open_chest":103,"minecraft:crouch_one_cm":20842,"tombstone:undead_killed":26,"minecraft:fall_one_cm":100699},"minecraft:broken":{"minecraft:shield":1,"minecraft:stone_axe":1}},"DataVersion":3465}