{"stats":{"minecraft:used":{"minecraft:stone_sword":1,"minecraft:red_sand":8,"minecraft:shield":31,"minecraft:iron_sword":40,"zombie_extreme:kitchen_knife":2,"minecraft:red_wool":4,"minecraft:jungle_log":1,"apocalypsenow:hookey_stick":1,"apocalypsenow:fire_axe":4,"minecraft:egg":1,"minecraft:light_gray_bed":3,"bunker_down:steel_vent":1,"zombie_extreme:fireaxe":17,"zombie_extreme:decomposing_backpack":1,"minecraft:stone_pickaxe":28,"minecraft:blue_bed":6,"minecraft:crafting_table":1,"minecraft:red_bed":3,"apocalypsenow:camping_knife":16,"apocalypsenow:pipe":5,"minecraft:bread":5,"minecraft:wooden_sword":5,"minecraft:cobblestone":1,"minecraft:oak_boat":1},"minecraft:mined":{"minecraft:jungle_leaves":14,"minecraft:acacia_log":1,"minecraft:grass_block":1,"minecraft:jungle_log":1,"minecraft:light_gray_bed":3,"minecraft:large_fern":1,"minecraft:iron_ore":7,"zombie_extreme:decomposing_backpack":4,"bunker_down:steel_vent":1,"minecraft:potatoes":5,"minecraft:flowering_azalea_leaves":1,"minecraft:azalea_leaves":4,"minecraft:stone":20,"minecraft:red_wool":5,"minecraft:red_bed":4,"minecraft:dead_bush":1,"minecraft:glass":1,"minecraft:tall_grass":2,"minecraft:blue_bed":7,"minecraft:grass":6,"minecraft:oak_log":7,"minecraft:dirt":1,"minecraft:cobweb":1},"minecraft:picked_up":{"apocalypsenow:apple_juice":3,"minecraft:charcoal":30,"minecraft:crafting_table":1,"ava:binocular":2,"minecraft:wheat":5,"minecraft:chicken":10,"apocalypsenow:catana":2,"zombie_extreme:pill_anti_hunger":2,"zombie_extreme:baseball_bat":2,"zombie_extreme:kitchen_knife":5,"minecraft:shield":7,"ava:regular_pistol_magazine":1,"ava:shotgun_ammo":60,"ava:fibre":6,"zombie_extreme:decomposing_backpack":16,"minecraft:string":1,"minecraft:red_bed":7,"zombie_extreme:chips":10,"minecraft:wooden_sword":1,"apocalypsenow:cigarettes":2,"minecraft:red_sand":8,"apocalypsenow:broken_glass":4,"apocalypsenow:fire_axe":4,"apocalypsenow:red_football_armor_chestplate":1,"minecraft:jungle_sapling":1,"apocalypsenow:hookey_stick":2,"minecraft:egg":17,"minecraft:stick":29,"minecraft:raw_iron":21,"hunting_delight:humanmeat":52,"minecraft:bowl":7,"minecraft:spruce_fence":1,"apocalypsenow:cutter_knife":1,"minecraft:porkchop":5,"minecraft:cookie":5,"minecraft:carrot":12,"ava:eu_standard_boots":3,"apocalypsenow:camping_knife":4,"minecraft:light_gray_bed":6,"minecraft:stone_sword":1,"minecraft:rotten_flesh":21,"apocalypsenow:baseball_bat":1,"apocalypsenow:pick":2,"zombie_extreme:rotten_apple":4,"apocalypsenow:pipe":2,"apocalypsenow:magazine":1,"zombie_extreme:butcher_knife":3,"apocalypsenow:needle":1,"minecraft:white_wool":5,"minecraft:cobblestone":59,"zombie_extreme:fireaxe":3,"minecraft:feather":2,"zombie_extreme:pipe":6,"minecraft:water_bucket":1,"minecraft:jungle_log":1,"minecraft:leather":15,"bunker_down:steel_vent":1,"minecraft:potato":37,"apocalypsenow:green_bikers_helmet":2,"ava:small_pistol_magazine":3,"minecraft:flint":5,"minecraft:oak_log":7,"apocalypsenow:ducttape":6,"ava:large_pistol_magazine":16,"minecraft:dirt":8,"minecraft:blue_bed":7,"apocalypsenow:watch":3,"minecraft:leather_boots":2,"minecraft:cooked_mutton":4,"minecraft:bone":7,"minecraft:apple":24,"apocalypsenow:bandage":2,"minecraft:wheat_seeds":1,"apocalypsenow:gunpowder_can":3,"apocalypsenow:human_flesh":53,"minecraft:iron_ingot":3,"minecraft:stone_pickaxe":5,"minecraft:cobweb":11,"ava:sniper_ammo":76,"apocalypsenow:fire_figther_helmet":1,"zombie_extreme:cloth":7,"minecraft:acacia_sapling":1,"minecraft:iron_sword":10,"minecraft:oak_planks":1,"minecraft:black_candle":12,"minecraft:sweet_berries":2,"apocalypsenow:small_can":4,"minecraft:red_wool":4,"projectvibrantjourneys:bones":3,"apocalypsenow:chips":1,"apocalypsenow:long_knife":2,"apocalypsenow:hunting_chestplate":3,"apocalypsenow:hanger":3,"hunting_delight:animal_fat":16,"apocalypsenow:cricket_bat":2,"ava:eu_standard_kevlar":2,"minecraft:soul_lantern":2,"apocalypsenow:rope":3,"minecraft:crossbow":2,"hunting_delight:broken_bone":282,"apocalypsenow:emptyconditioner":5,"minecraft:bread":57,"minecraft:emerald":4,"minecraft:baked_potato":12,"minecraft:oak_sapling":18,"ava:sr_2m_veresk_sumire":3,"apocalypsenow:brazilian_army_helmet":3,"minecraft:coal":15},"minecraft:killed_by":{"minecraft:player":3,"apocalypsenow:runner_53":3,"apocalypsenow:looter_1":5,"apocalypsenow:walker_33":2,"apocalypsenow:runner_45":1,"ava:eu_soldier":2},"minecraft:killed":{"apocalypsenow:looter_1":4,"apocalypsenow:runner_39":1,"apocalypsenow:walker_33":1,"apocalypsenow:runner_53":1,"apocalypsenow:runner_38":1,"apocalypsenow:runner_34":1,"apocalypsenow:walker_30":1,"minecraft:husk":1,"apocalypsenow:walker_6":1},"minecraft:custom":{"minecraft:mob_kills":17,"minecraft:interact_with_crafting_table":1,"minecraft:open_barrel":9,"minecraft:leave_game":3,"minecraft:time_since_death":17038,"minecraft:climb_one_cm":34098,"minecraft:sprint_one_cm":241480,"minecraft:walk_one_cm":154074,"minecraft:damage_blocked_by_shield":250,"minecraft:drop":28,"minecraft:walk_under_water_one_cm":4096,"minecraft:play_time":86577,"minecraft:deaths":17,"minecraft:sneak_time":2509,"minecraft:boat_one_cm":654,"minecraft:jump":1594,"minecraft:walk_on_water_one_cm":6294,"minecraft:total_world_time":86577,"minecraft:interact_with_furnace":1,"minecraft:sleep_in_bed":5,"minecraft:time_since_rest":3426,"minecraft:damage_taken":9945,"minecraft:damage_dealt":2597,"minecraft:swim_one_cm":3101,"minecraft:fly_one_cm":318392,"minecraft:player_kills":2,"minecraft:open_chest":33,"minecraft:crouch_one_cm":6457,"minecraft:interact_with_smoker":1,"minecraft:fall_one_cm":38992},"minecraft:dropped":{"apocalypsenow:hanger":1,"minecraft:bread":9,"minecraft:iron_sword":1,"hunting_delight:humanmeat":10,"minecraft:crossbow":1,"apocalypsenow:long_knife":1,"hunting_delight:broken_bone":29,"apocalypsenow:ducttape":2,"ava:binocular":1,"minecraft:stick":4,"zombie_extreme:baseball_bat":2,"apocalypsenow:pipe":1,"minecraft:wooden_sword":1,"apocalypsenow:pick":1,"minecraft:bowl":1,"minecraft:rotten_flesh":1,"minecraft:oak_planks":1,"apocalypsenow:baseball_bat":1,"apocalypsenow:magazine":1,"apocalypsenow:watch":1,"apocalypsenow:catana":1,"zombie_extreme:decomposing_backpack":1,"apocalypsenow:green_bikers_helmet":1,"apocalypsenow:broken_glass":1,"ava:shotgun_ammo":20,"apocalypsenow:cricket_bat":1},"minecraft:broken":{"apocalypsenow:brazilian_army_helmet":1,"apocalypsenow:hunting_chestplate":1},"minecraft:crafted":{"minecraft:oak_planks":12,"minecraft:crafting_table":1,"minecraft:oak_boat":1,"minecraft:stick":4}},"DataVersion":3120}