{"stats":{"minecraft:killed_by":{"undead_revamp2:thehorrors":1},"minecraft:picked_up":{"minecraft:crafting_table":2,"minecraft:prismarine_slab":1,"minecraft:leather":2,"minecraft:oak_log":4,"minecraft:dirt":10,"minecraft:beef":3,"minecraft:fletching_table":1,"minecraft:dark_oak_stairs":1,"minecraft:book":60,"minecraft:oak_slab":1,"minecraft:porkchop":1,"minecraft:jungle_planks":2,"minecraft:sand":2,"tombstone:grave_dust":1,"minecraft:spruce_log":5,"minecraft:mossy_cobblestone":1,"minecraft:dark_oak_planks":2,"minecraft:rotten_flesh":1,"minecraft:cobblestone":19},"minecraft:custom":{"minecraft:interact_with_furnace":2,"minecraft:mob_kills":4,"minecraft:interact_with_crafting_table":9,"minecraft:open_barrel":2,"minecraft:leave_game":1,"minecraft:time_since_death":15872,"minecraft:climb_one_cm":1304,"minecraft:time_since_rest":15614,"minecraft:sprint_one_cm":51137,"minecraft:damage_taken":801,"minecraft:walk_one_cm":33317,"minecraft:damage_blocked_by_shield":60,"minecraft:drop":8,"minecraft:damage_dealt":466,"minecraft:swim_one_cm":3082,"minecraft:fly_one_cm":118995,"minecraft:open_chest":5,"minecraft:crouch_one_cm":1293,"minecraft:play_time":25277,"minecraft:deaths":2,"minecraft:sneak_time":432,"minecraft:walk_under_water_one_cm":406,"minecraft:boat_one_cm":20,"minecraft:jump":495,"minecraft:walk_on_water_one_cm":1502,"minecraft:total_world_time":25277,"minecraft:fall_one_cm":18312},"minecraft:dropped":{"alexsmobs:animal_dictionary":1,"minecraft:rotten_flesh":1,"guideapi_vp:vampirism-guidebook":1,"patchouli:guide_book":1,"tombstone:grave_dust":1,"rustic_engineer:book_spidermech":1,"minecraft:wooden_pickaxe":1,"minecraft:stone_pickaxe":1},"minecraft:used":{"minecraft:cooked_mutton":2,"minecraft:dark_oak_stairs":1,"minecraft:stone_sword":13,"minecraft:stone_pickaxe":5,"minecraft:shield":1,"minecraft:wooden_pickaxe":25,"minecraft:fletching_table":1,"minecraft:mossy_cobblestone":1,"minecraft:sand":2,"minecraft:oak_slab":1,"minecraft:crafting_table":2,"minecraft:jungle_planks":2,"minecraft:spruce_boat":1,"minecraft:dark_oak_planks":2,"minecraft:bread":1,"minecraft:prismarine_slab":1,"minecraft:stone_axe":32,"minecraft:furnace":1},"minecraft:killed":{"minecraft:pig":1,"minecraft:cow":3},"minecraft:crafted":{"minecraft:oak_planks":16,"minecraft:crafting_table":1,"minecraft:spruce_planks":20,"minecraft:wooden_pickaxe":1,"minecraft:furnace":1,"minecraft:stone_axe":1,"minecraft:air":0,"minecraft:shield":2,"minecraft:stick":12,"minecraft:iron_pickaxe":1,"minecraft:stone_sword":1,"minecraft:iron_ingot":5,"minecraft:stone_pickaxe":2,"minecraft:spruce_boat":1,"minecraft:dark_oak_planks":32},"minecraft:mined":{"minecraft:dark_oak_planks":2,"minecraft:mossy_cobblestone":1,"minecraft:crafting_table":2,"minecraft:grass_block":3,"minecraft:cobblestone":2,"minecraft:coarse_dirt":1,"minecraft:spruce_log":5,"minecraft:fletching_table":1,"minecraft:dark_oak_stairs":1,"minecraft:grass":3,"minecraft:bookshelf":20,"minecraft:oak_log":4,"minecraft:dirt":7,"minecraft:sand":2,"minecraft:stone":17,"minecraft:oak_leaves":8,"minecraft:fern":1}},"DataVersion":3465}