{"stats":{"minecraft:picked_up":{"minecraft:rotten_flesh":1},"minecraft:custom":{"minecraft:jump":123,"minecraft:time_since_rest":3413,"minecraft:leave_game":1,"minecraft:sprint_one_cm":11991,"minecraft:play_time":3413,"minecraft:damage_taken":145,"minecraft:time_since_death":3413,"minecraft:walk_one_cm":1707,"minecraft:total_world_time":3413,"minecraft:drop":1,"minecraft:fall_one_cm":6118,"minecraft:fly_one_cm":32214},"minecraft:dropped":{"minecraft:rotten_flesh":1},"minecraft:mined":{"minecraft:oak_leaves":6}},"DataVersion":3465}