{"stats":{"minecraft:mined":{"zombie_extreme:decomposing_backpack":2},"minecraft:dropped":{"minecraft:wooden_sword":1,"minecraft:bread":9},"minecraft:picked_up":{"minecraft:bread":9,"zombie_extreme:decomposing_backpack":2,"minecraft:iron_sword":1},"minecraft:custom":{"minecraft:open_barrel":1,"minecraft:time_since_rest":6140,"minecraft:open_chest":1,"minecraft:crouch_one_cm":28,"minecraft:interact_with_furnace":1,"minecraft:play_time":6140,"minecraft:sprint_one_cm":17018,"minecraft:damage_taken":65,"minecraft:walk_one_cm":10888,"minecraft:sneak_time":678,"minecraft:walk_under_water_one_cm":923,"minecraft:drop":2,"minecraft:jump":124,"minecraft:damage_dealt":180,"minecraft:leave_game":1,"minecraft:time_since_death":6140,"minecraft:walk_on_water_one_cm":1494,"minecraft:climb_one_cm":8215,"minecraft:total_world_time":6140,"minecraft:fall_one_cm":3788,"minecraft:fly_one_cm":21595},"minecraft:killed":{"apocalypsenow:runner_38":1},"minecraft:used":{"minecraft:wooden_sword":5,"zombie_extreme:decomposing_backpack":1,"minecraft:bread":1}},"DataVersion":3120}