{"stats":{"minecraft:custom":{"minecraft:interact_with_crafting_table":46,"minecraft:open_barrel":55,"minecraft:leave_game":15,"minecraft:time_since_death":5359,"minecraft:sprint_one_cm":512710,"minecraft:damage_blocked_by_shield":2550,"minecraft:drop":99,"minecraft:talked_to_villager":13,"minecraft:play_time":202528,"minecraft:deaths":14,"minecraft:jump":3384,"minecraft:walk_on_water_one_cm":19169,"minecraft:interact_with_furnace":6,"minecraft:sleep_in_bed":11,"minecraft:waystone_activated":4,"minecraft:damage_dealt":12328,"minecraft:crouch_one_cm":21153,"tombstone:undead_killed":26,"minecraft:mob_kills":55,"minecraft:damage_dealt_resisted":130,"minecraft:climb_one_cm":5137,"minecraft:walk_one_cm":256727,"minecraft:sneak_time":8788,"minecraft:walk_under_water_one_cm":10235,"minecraft:boat_one_cm":1189,"minecraft:total_world_time":202528,"tombstone:raider_killed":10,"minecraft:time_since_rest":5107,"minecraft:damage_taken":10361,"minecraft:damage_absorbed":52,"minecraft:swim_one_cm":27263,"minecraft:fly_one_cm":782601,"minecraft:open_chest":123,"minecraft:fall_one_cm":131482},"minecraft:dropped":{"minecraft:glow_ink_sac":8,"minecraft:stripped_birch_wood":3,"tombstone:tablet_of_assistance":1,"minecraft:honeycomb":1,"minecraft:flint":4,"rustic_engineer:book_spidermech":1,"minecraft:bone_block":1,"minecraft:sugar":3,"irons_spellbooks:shriving_stone":1,"minecraft:bone":5,"minecraft:golden_chestplate":1,"alexsmobs:animal_dictionary":1,"tombstone:gift":1,"minecraft:rotten_flesh":8,"guideapi_vp:vampirism-guidebook":1,"sophisticatedbackpacks:diamond_backpack":1,"patchouli:guide_book":1,"minecraft:chainmail_chestplate":1,"minecraft:poppy":1,"supplementaries:ash":2,"minecraft:gunpowder":5,"vampirism:vampire_fang":1,"mysticalagriculture:inferium_essence":9,"minecraft:acacia_slab":1,"minecraft:ladder":4,"vampirism:hunter_axe_ultimate":2,"minecraft:end_stone_bricks":1,"minecraft:arrow":1,"minecraft:egg":1,"minecraft:crimson_planks":11,"minecraft:enchanted_book":1,"minecraft:oak_slab":1,"minecraft:wheat_seeds":3,"minecraft:diamond_leggings":1,"minecraft:lead":4,"minecraft:apple":3,"minecraft:stick":3,"werewolves:cracked_bone":1,"minecraft:diamond_helmet":1,"tombstone:grave_dust":2,"minecraft:potion":1,"minecraft:oak_stairs":2,"minecraft:string":1,"minecraft:stone_sword":1,"minecraft:dark_oak_sign":1,"minecraft:iron_boots":1,"vampirism:heart_striker_enhanced":2,"minecraft:shield":1,"minecraft:diamond_chestplate":1,"minecraft:peony":121,"minecraft:spruce_trapdoor":2,"minecraft:iron_chestplate":2,"minecraft:diamond_pickaxe":1,"easy_villagers:villager":1,"minecraft:spider_eye":1,"minecraft:diamond_boots":1,"minecraft:stone_pickaxe":2,"minecraft:wooden_pickaxe":1},"minecraft:used":{"minecraft:spruce_slab":1,"minecraft:shield":32,"minecraft:iron_sword":276,"minecraft:iron_chestplate":1,"minecraft:jungle_planks":2,"minecraft:spruce_boat":1,"minecraft:lantern":3,"supplementaries:bomb_blue":1,"minecraft:furnace":7,"minecraft:gray_bed":1,"minecraft:dark_oak_stairs":1,"minecraft:stone_pickaxe":8,"minecraft:oak_planks":230,"minecraft:wooden_pickaxe":25,"tombstone:tablet_of_guard":1,"minecraft:sand":2,"minecraft:black_bed":6,"waystones:waystone":3,"minecraft:lever":1,"minecraft:cyan_bed":1,"minecraft:bread":78,"tombstone:grave_key":2,"minecraft:golden_helmet":1,"minecraft:diamond_sword":31,"minecraft:oak_boat":5,"minecraft:stripped_acacia_wood":2,"minecraft:stone_sword":22,"minecraft:light_gray_carpet":3,"minecraft:spruce_planks":61,"minecraft:dark_oak_planks":28,"quark:spruce_chest":11,"minecraft:iron_axe":63,"minecraft:oak_stairs":1,"minecraft:iron_boots":1,"minecraft:totem_of_undying":2,"minecraft:crimson_planks":1,"minecraft:prismarine_slab":1,"minecraft:gunpowder":2,"tombstone:gift":3,"minecraft:acacia_planks":4,"minecraft:iron_leggings":1,"minecraft:cooked_mutton":4,"minecraft:water_bucket":6,"minecraft:fletching_table":1,"minecraft:mossy_cobblestone":1,"minecraft:oak_slab":1,"minecraft:crafting_table":11,"minecraft:iron_pickaxe":43,"minecraft:stone_axe":132,"minecraft:cobblestone":1,"minecraft:stripped_crimson_hyphae":9,"minecraft:bucket":7,"minecraft:yellow_bed":1,"minecraft:splash_potion":1},"minecraft:crafted":{"minecraft:oak_planks":216,"minecraft:diamond_leggings":1,"minecraft:diamond_helmet":1,"minecraft:iron_boots":1,"tombstone:grave_key":4,"minecraft:gray_bed":1,"sophisticatedbackpacks:backpack":1,"minecraft:crafting_table":5,"minecraft:spruce_planks":104,"minecraft:wooden_pickaxe":1,"minecraft:spruce_trapdoor":2,"minecraft:iron_chestplate":1,"minecraft:diamond_pickaxe":2,"minecraft:shield":2,"sophisticatedbackpacks:diamond_backpack":1,"minecraft:stick":20,"minecraft:iron_ingot":24,"minecraft:iron_pickaxe":1,"minecraft:stone_sword":1,"minecraft:furnace":1,"minecraft:iron_axe":1,"minecraft:stone_pickaxe":2,"minecraft:diamond_boots":2,"minecraft:spruce_boat":1,"quark:spruce_chest":8,"minecraft:dark_oak_planks":32,"minecraft:wheat":126,"sophisticatedbackpacks:iron_backpack":1,"minecraft:crimson_planks":12,"minecraft:diamond_sword":1,"sophisticatedbackpacks:gold_backpack":1,"minecraft:bucket":1,"minecraft:stone_axe":1,"minecraft:bread":64,"minecraft:air":0,"minecraft:oak_boat":3,"minecraft:iron_leggings":1,"minecraft:acacia_planks":8,"minecraft:diamond_chestplate":2},"minecraft:killed_by":{"cataclysm:deepling_angler":1,"minecraft:wither_skeleton":1,"minecraft:creeper":1,"minecraft:pillager":2,"minecraft:witch":1,"minecraft:zombie":1,"undead_revamp2:thehorrors":1,"minecraft:skeleton":3},"minecraft:killed":{"undead_revamp2:thewolf":1,"vampirism:vampire":3,"minecraft:witch":9,"minecraft:spider":5,"undead_revamp2:theswarmer":1,"minecraft:skeleton":4,"minecraft:bee":1,"undead_revamp2:thespitter":1,"minecraft:cat":2,"minecraft:pig":1,"minecraft:creeper":1,"minecraft:zombie":8,"minecraft:cow":3,"undead_revamp2:thehunter":2,"minecraft:vindicator":1,"alexsmobs:seagull":1,"minecraft:horse":1,"undead_revamp2:sucker":3,"undead_revamp2:the_moonflower":1,"minecraft:wither_skeleton":5},"minecraft:broken":{"minecraft:stone_axe":1,"minecraft:iron_sword":1,"minecraft:shield":1},"minecraft:mined":{"minecraft:dark_oak_planks":8,"minecraft:spruce_planks":26,"minecraft:brewing_stand":1,"minecraft:grass_block":3,"minecraft:coal_block":10,"minecraft:spawner":11,"minecraft:iron_ore":3,"minecraft:fletching_table":1,"minecraft:dark_oak_stairs":1,"minecraft:oak_stairs":3,"minecraft:potted_cornflower":1,"minecraft:end_stone_bricks":2,"minecraft:iron_block":2,"minecraft:spruce_slab":5,"minecraft:piston_head":2,"minecraft:torch":1,"minecraft:mushroom_stem":4,"minecraft:cobblestone":2,"minecraft:cyan_bed":2,"minecraft:oak_planks":24,"minecraft:wall_torch":1,"minecraft:black_bed":5,"minecraft:grass":28,"minecraft:oak_log":55,"minecraft:sand":2,"minecraft:dirt":7,"minecraft:stripped_birch_wood":2,"minecraft:oak_leaves":10,"minecraft:mossy_cobblestone":1,"minecraft:spruce_leaves":6,"minecraft:large_fern":5,"minecraft:hay_block":57,"minecraft:furnace":6,"minecraft:peony":29,"minecraft:bookshelf":47,"minecraft:stone":20,"minecraft:podzol":1,"minecraft:smithing_table":1,"minecraft:light_gray_carpet":5,"minecraft:oak_slab":3,"minecraft:crafting_table":6,"minecraft:cornflower":1,"minecraft:lectern":1,"minecraft:tall_grass":42,"minecraft:gray_wool":4,"minecraft:coarse_dirt":1,"minecraft:spruce_log":5,"minecraft:birch_leaves":1,"minecraft:yellow_bed":2,"quark:spruce_chest":4,"minecraft:cobweb":26,"minecraft:stripped_acacia_wood":2,"minecraft:stone_bricks":2,"minecraft:fern":2},"minecraft:picked_up":{"irons_spellbooks:scroll":8,"minecraft:iron_chestplate":1,"minecraft:wheat":2,"supplementaries:bomb_blue":1,"minecraft:smithing_table":3,"minecraft:lead":4,"minecraft:oak_stairs":8,"minecraft:potion":1,"minecraft:enchanted_book":1,"rustic_engineer:book_spidermech":1,"minecraft:crimson_planks":11,"minecraft:brewing_stand":1,"minecraft:string":41,"minecraft:sticky_piston":2,"vampirism:obi_belt":1,"irons_spellbooks:arcane_essence":28,"mysticalagriculture:inferium_essence":10,"twigs:pebble":1,"minecraft:spruce_planks":64,"minecraft:coal_block":30,"minecraft:furnace":9,"minecraft:golden_helmet":1,"minecraft:stick":2,"irons_spellbooks:shriving_stone":2,"minecraft:torch":5,"minecraft:spruce_stairs":19,"minecraft:porkchop":4,"vampirism:holy_water_bottle_enhanced":4,"tombstone:grave_dust":1,"vampirism:vampire_fang":1,"easy_villagers:villager":3,"minecraft:rotten_flesh":12,"minecraft:iron_block":2,"farmersdelight:rope":15,"supplementaries:ash":2,"minecraft:stripped_birch_wood":3,"minecraft:cobblestone":21,"vampirism:vampire_book":2,"farmersdelight:rice":4,"minecraft:black_bed":6,"minecraft:potato":58,"rustic_engineer:book_airship":2,"minecraft:dirt":10,"minecraft:lantern":4,"minecraft:name_tag":2,"minecraft:bone":5,"minecraft:wheat_seeds":4,"rustic_engineer:book_dragon_fly":1,"minecraft:dark_oak_sign":1,"minecraft:fletching_table":1,"minecraft:glowstone_dust":2,"minecraft:oak_planks":113,"irons_spellbooks:frozen_bone":2,"minecraft:stripped_acacia_wood":4,"minecraft:jungle_planks":2,"minecraft:sand":2,"minecraft:cyan_bed":2,"minecraft:mossy_cobblestone":1,"minecraft:sugar":2,"minecraft:diamond":2,"irons_spellbooks:divine_pearl":7,"waystones:waystone":3,"minecraft:lever":1,"minecraft:bread":3,"minecraft:emerald":42,"werewolves:cracked_bone":1,"minecraft:light_gray_carpet":4,"minecraft:end_stone_bricks":1,"minecraft:crafting_table":6,"minecraft:ladder":4,"vampirism:heart_striker_enhanced":2,"minecraft:flint_and_steel":1,"quark:spruce_chest":7,"minecraft:beef":6,"minecraft:oak_boat":5,"minecraft:poppy":1,"minecraft:spruce_slab":4,"minecraft:lectern":1,"tombstone:tablet_of_assistance":1,"minecraft:egg":1,"minecraft:stripped_crimson_hyphae":12,"minecraft:raw_iron":3,"werewolves:raw_silver":1,"minecraft:carrot":26,"minecraft:redstone":3,"minecraft:dark_oak_planks":8,"minecraft:arrow":1,"minecraft:peony":121,"minecraft:hay_block":57,"quark:indigo_corundum_cluster":1,"minecraft:gold_ingot":18,"minecraft:mutton":5,"minecraft:bone_block":1,"minecraft:prismarine_slab":1,"minecraft:glow_ink_sac":8,"minecraft:leather":8,"werewolves:dream_catcher":1,"minecraft:oak_log":54,"minecraft:yellow_bed":2,"minecraft:gunpowder":13,"farmersdelight:skillet":1,"minecraft:paper":21,"tombstone:gift":1,"minecraft:apple":6,"minecraft:stone_bricks":4,"minecraft:iron_ingot":9,"tombstone:bag_of_seeds":1,"minecraft:glass_bottle":1,"minecraft:iron_sword":1,"minecraft:dark_oak_stairs":3,"sophisticatedbackpacks:diamond_backpack":1,"minecraft:book":297,"minecraft:oak_slab":28,"minecraft:spruce_sapling":1,"minecraft:spruce_log":5,"vampirism:hunter_axe_ultimate":2,"minecraft:spider_eye":4,"minecraft:iron_helmet":1,"minecraft:gray_wool":3,"minecraft:acacia_slab":1,"minecraft:coal":14}},"DataVersion":3465}