{"stats":{"minecraft:killed_by":{"cataclysm:deepling_angler":1,"minecraft:skeleton":1,"minecraft:pillager":2,"undead_revamp2:thehorrors":1},"minecraft:picked_up":{"minecraft:crafting_table":3,"minecraft:prismarine_slab":1,"minecraft:glow_ink_sac":8,"minecraft:black_bed":1,"minecraft:leather":2,"minecraft:smithing_table":1,"minecraft:lead":4,"minecraft:oak_log":11,"minecraft:dirt":10,"mysticalagriculture:inferium_essence":4,"minecraft:spruce_planks":9,"minecraft:iron_ingot":3,"minecraft:beef":3,"minecraft:fletching_table":1,"minecraft:oak_planks":4,"minecraft:dark_oak_stairs":1,"minecraft:furnace":1,"minecraft:book":60,"minecraft:oak_slab":2,"minecraft:torch":2,"minecraft:porkchop":1,"minecraft:sand":2,"minecraft:jungle_planks":2,"tombstone:grave_dust":1,"minecraft:spruce_log":5,"minecraft:mossy_cobblestone":1,"minecraft:dark_oak_planks":7,"minecraft:rotten_flesh":1,"minecraft:light_gray_carpet":4,"minecraft:cobblestone":19},"minecraft:custom":{"minecraft:interact_with_furnace":2,"minecraft:mob_kills":4,"minecraft:interact_with_crafting_table":12,"minecraft:open_barrel":5,"minecraft:leave_game":3,"minecraft:time_since_death":3313,"minecraft:climb_one_cm":1304,"minecraft:time_since_rest":2714,"minecraft:sprint_one_cm":79171,"minecraft:damage_taken":2047,"minecraft:walk_one_cm":54546,"minecraft:damage_blocked_by_shield":120,"minecraft:drop":24,"minecraft:damage_dealt":545,"minecraft:swim_one_cm":3478,"minecraft:fly_one_cm":157798,"minecraft:open_chest":5,"minecraft:crouch_one_cm":1874,"minecraft:play_time":50128,"minecraft:deaths":6,"minecraft:sneak_time":584,"minecraft:walk_under_water_one_cm":2135,"minecraft:boat_one_cm":1189,"minecraft:jump":744,"minecraft:walk_on_water_one_cm":4392,"minecraft:total_world_time":50128,"minecraft:fall_one_cm":22517},"minecraft:dropped":{"minecraft:oak_slab":1,"minecraft:glow_ink_sac":8,"alexsmobs:animal_dictionary":1,"minecraft:rotten_flesh":1,"minecraft:lead":4,"guideapi_vp:vampirism-guidebook":1,"patchouli:guide_book":1,"minecraft:shield":1,"mysticalagriculture:inferium_essence":4,"tombstone:grave_dust":2,"rustic_engineer:book_spidermech":1,"minecraft:wooden_pickaxe":1,"minecraft:stone_pickaxe":1},"minecraft:used":{"minecraft:cooked_mutton":4,"minecraft:dark_oak_stairs":1,"minecraft:stone_sword":13,"minecraft:stone_pickaxe":6,"minecraft:light_gray_carpet":3,"minecraft:wooden_pickaxe":25,"minecraft:shield":2,"minecraft:fletching_table":1,"minecraft:mossy_cobblestone":1,"minecraft:sand":2,"minecraft:oak_slab":1,"minecraft:crafting_table":4,"minecraft:jungle_planks":2,"minecraft:spruce_boat":1,"minecraft:dark_oak_planks":14,"minecraft:bread":5,"minecraft:prismarine_slab":1,"minecraft:stone_axe":48,"minecraft:furnace":1,"tombstone:gift":1,"minecraft:oak_boat":3},"minecraft:killed":{"minecraft:pig":1,"minecraft:cow":3},"minecraft:crafted":{"minecraft:oak_planks":44,"minecraft:crafting_table":2,"minecraft:spruce_planks":20,"minecraft:wooden_pickaxe":1,"minecraft:furnace":1,"minecraft:stone_axe":1,"minecraft:air":0,"minecraft:oak_boat":3,"minecraft:shield":2,"minecraft:stick":12,"minecraft:iron_ingot":5,"minecraft:iron_pickaxe":1,"minecraft:stone_pickaxe":2,"minecraft:stone_sword":1,"minecraft:spruce_boat":1,"minecraft:dark_oak_planks":32},"minecraft:mined":{"minecraft:dark_oak_planks":7,"minecraft:smithing_table":1,"minecraft:oak_slab":1,"minecraft:light_gray_carpet":5,"minecraft:mossy_cobblestone":1,"minecraft:crafting_table":3,"minecraft:grass_block":3,"minecraft:mushroom_stem":4,"minecraft:cobblestone":2,"minecraft:oak_planks":4,"minecraft:wall_torch":1,"minecraft:coarse_dirt":1,"minecraft:furnace":1,"minecraft:spruce_log":5,"minecraft:fletching_table":1,"minecraft:dark_oak_stairs":1,"minecraft:grass":3,"minecraft:bookshelf":20,"minecraft:oak_log":11,"minecraft:dirt":7,"minecraft:sand":2,"minecraft:stone":17,"minecraft:oak_leaves":8,"minecraft:fern":1}},"DataVersion":3465}