{"stats":{"minecraft:mined":{"minecraft:light_gray_bed":3,"minecraft:dirt":2,"minecraft:cobweb":2},"minecraft:picked_up":{"minecraft:light_gray_bed":4,"minecraft:string":2,"minecraft:dirt":3},"minecraft:used":{"minecraft:wooden_sword":9,"minecraft:dirt":3,"minecraft:light_gray_bed":1},"minecraft:custom":{"minecraft:time_since_rest":7907,"minecraft:open_chest":4,"minecraft:crouch_one_cm":1580,"minecraft:play_time":7907,"minecraft:sprint_one_cm":6167,"minecraft:damage_taken":102,"minecraft:walk_one_cm":23596,"minecraft:sneak_time":375,"minecraft:walk_under_water_one_cm":303,"minecraft:jump":49,"minecraft:damage_dealt":138,"minecraft:leave_game":2,"minecraft:time_since_death":7907,"minecraft:walk_on_water_one_cm":101,"minecraft:climb_one_cm":840,"minecraft:total_world_time":7907,"minecraft:fall_one_cm":420,"minecraft:fly_one_cm":1368}},"DataVersion":3120}