{"stats":{"minecraft:dropped":{"minecraft:shield":1,"minecraft:light_gray_bed":1,"minecraft:leather_boots":1,"minecraft:poisonous_potato":1,"minecraft:wooden_sword":1,"minecraft:bone_meal":6},"minecraft:mined":{"minecraft:potatoes":7,"minecraft:light_gray_bed":9,"minecraft:dirt":2,"minecraft:cobweb":4},"minecraft:picked_up":{"hunting_delight:humanmeat":2,"minecraft:poisonous_potato":1,"minecraft:potato":47,"minecraft:shield":2,"minecraft:dirt":3,"minecraft:string":8,"minecraft:wooden_sword":2,"minecraft:leather_boots":2,"minecraft:rotten_flesh":14,"minecraft:light_gray_bed":19,"hunting_delight:broken_bone":11,"minecraft:bread":18,"hunting_delight:worm":2,"minecraft:cobblestone":37},"minecraft:crafted":{"minecraft:bone_meal":6},"minecraft:used":{"minecraft:wooden_sword":11,"minecraft:dirt":3,"minecraft:potato":8,"minecraft:light_gray_bed":8,"minecraft:cobweb":2},"minecraft:custom":{"minecraft:time_since_rest":550,"minecraft:sprint_one_cm":15750,"minecraft:damage_taken":700,"minecraft:walk_one_cm":48221,"minecraft:drop":6,"minecraft:damage_dealt":138,"minecraft:fly_one_cm":4029,"minecraft:open_chest":4,"minecraft:crouch_one_cm":1614,"minecraft:play_time":21439,"minecraft:deaths":2,"minecraft:sneak_time":407,"minecraft:walk_under_water_one_cm":1885,"minecraft:jump":127,"minecraft:leave_game":5,"minecraft:time_since_death":175,"minecraft:walk_on_water_one_cm":382,"minecraft:sleep_in_bed":1,"minecraft:total_world_time":21439,"minecraft:climb_one_cm":10230,"minecraft:fall_one_cm":6374}},"DataVersion":3120}