{"stats":{"minecraft:killed_by":{"cataclysm:deepling_angler":1,"minecraft:skeleton":1,"minecraft:pillager":2,"undead_revamp2:thehorrors":1},"minecraft:picked_up":{"minecraft:crafting_table":3,"minecraft:prismarine_slab":1,"minecraft:ladder":4,"minecraft:glow_ink_sac":8,"minecraft:black_bed":3,"minecraft:leather":2,"minecraft:smithing_table":1,"minecraft:lead":4,"minecraft:oak_stairs":1,"minecraft:oak_log":11,"minecraft:dirt":10,"mysticalagriculture:inferium_essence":4,"minecraft:spruce_planks":9,"minecraft:iron_ingot":3,"minecraft:beef":3,"minecraft:spruce_slab":3,"minecraft:fletching_table":1,"tombstone:tablet_of_assistance":1,"minecraft:oak_planks":43,"minecraft:dark_oak_stairs":1,"minecraft:furnace":1,"minecraft:book":60,"minecraft:golden_helmet":1,"minecraft:oak_slab":14,"minecraft:stripped_crimson_hyphae":11,"minecraft:torch":2,"minecraft:spruce_stairs":8,"minecraft:porkchop":1,"minecraft:sand":2,"minecraft:jungle_planks":2,"tombstone:grave_dust":1,"minecraft:spruce_log":5,"minecraft:mossy_cobblestone":1,"minecraft:dark_oak_planks":8,"minecraft:rotten_flesh":1,"minecraft:emerald":1,"minecraft:light_gray_carpet":4,"minecraft:cobblestone":19},"minecraft:custom":{"minecraft:interact_with_furnace":2,"minecraft:mob_kills":5,"tombstone:raider_killed":1,"minecraft:interact_with_crafting_table":12,"minecraft:open_barrel":14,"minecraft:leave_game":3,"minecraft:time_since_death":11100,"minecraft:sleep_in_bed":1,"minecraft:climb_one_cm":1304,"minecraft:time_since_rest":6215,"minecraft:sprint_one_cm":84165,"minecraft:damage_taken":2047,"minecraft:walk_one_cm":62255,"minecraft:damage_blocked_by_shield":120,"minecraft:drop":30,"minecraft:damage_dealt":845,"minecraft:swim_one_cm":3478,"minecraft:fly_one_cm":157908,"minecraft:open_chest":6,"minecraft:crouch_one_cm":3251,"minecraft:play_time":57915,"minecraft:deaths":6,"minecraft:sneak_time":1207,"minecraft:walk_under_water_one_cm":2951,"minecraft:boat_one_cm":1189,"minecraft:jump":752,"minecraft:walk_on_water_one_cm":8283,"minecraft:total_world_time":57915,"minecraft:fall_one_cm":22517},"minecraft:dropped":{"minecraft:oak_slab":1,"minecraft:glow_ink_sac":8,"alexsmobs:animal_dictionary":1,"minecraft:lead":4,"minecraft:rotten_flesh":1,"tombstone:tablet_of_assistance":1,"guideapi_vp:vampirism-guidebook":1,"patchouli:guide_book":1,"minecraft:stick":1,"minecraft:shield":1,"mysticalagriculture:inferium_essence":4,"minecraft:ladder":4,"tombstone:grave_dust":2,"rustic_engineer:book_spidermech":1,"minecraft:wooden_pickaxe":1,"minecraft:stone_pickaxe":1},"minecraft:used":{"minecraft:cooked_mutton":4,"minecraft:dark_oak_stairs":1,"minecraft:stone_sword":22,"minecraft:stone_pickaxe":7,"minecraft:light_gray_carpet":3,"minecraft:wooden_pickaxe":25,"minecraft:shield":2,"minecraft:fletching_table":1,"minecraft:mossy_cobblestone":1,"minecraft:sand":2,"minecraft:oak_slab":1,"minecraft:crafting_table":4,"minecraft:jungle_planks":2,"minecraft:black_bed":2,"minecraft:spruce_boat":1,"minecraft:dark_oak_planks":28,"minecraft:bread":5,"minecraft:crimson_planks":1,"minecraft:prismarine_slab":1,"minecraft:golden_helmet":1,"minecraft:stone_axe":64,"minecraft:stripped_crimson_hyphae":9,"minecraft:furnace":1,"tombstone:gift":1,"minecraft:oak_boat":3},"minecraft:killed":{"minecraft:pig":1,"minecraft:vindicator":1,"minecraft:cow":3},"minecraft:crafted":{"minecraft:crimson_planks":8,"minecraft:oak_planks":44,"minecraft:crafting_table":2,"minecraft:spruce_planks":20,"minecraft:wooden_pickaxe":1,"minecraft:furnace":1,"minecraft:stone_axe":1,"minecraft:air":0,"minecraft:oak_boat":3,"minecraft:shield":2,"minecraft:stick":12,"minecraft:iron_ingot":5,"minecraft:iron_pickaxe":1,"minecraft:stone_pickaxe":2,"minecraft:stone_sword":1,"minecraft:spruce_boat":1,"minecraft:dark_oak_planks":32},"minecraft:mined":{"minecraft:dark_oak_planks":8,"minecraft:smithing_table":1,"minecraft:oak_slab":2,"minecraft:light_gray_carpet":5,"minecraft:mossy_cobblestone":1,"minecraft:crafting_table":3,"minecraft:grass_block":3,"minecraft:mushroom_stem":4,"minecraft:cobblestone":2,"minecraft:oak_planks":14,"minecraft:wall_torch":1,"minecraft:spawner":1,"minecraft:coarse_dirt":1,"minecraft:furnace":1,"minecraft:spruce_log":5,"minecraft:black_bed":2,"minecraft:fletching_table":1,"minecraft:dark_oak_stairs":1,"minecraft:grass":3,"minecraft:bookshelf":20,"minecraft:oak_log":11,"minecraft:dirt":7,"minecraft:sand":2,"minecraft:stone":17,"minecraft:spruce_slab":3,"minecraft:oak_leaves":8,"minecraft:fern":1}},"DataVersion":3465}