{"stats":{"minecraft:killed_by":{"irons_spellbooks:necromancer":1,"minecraft:skeleton":1,"minecraft:pillager":1},"minecraft:picked_up":{"minecraft:prismarine_slab":1,"minecraft:glow_item_frame":1,"minecraft:black_bed":1,"minecraft:leather":4,"minecraft:oak_stairs":1,"minecraft:sand":1,"twigs:bronzed_seashell":1,"minecraft:oak_log":5,"rustic_engineer:book_spidermech":1,"tombstone:grave_dust":1,"minecraft:dirt":7,"minecraft:mossy_cobblestone":1,"minecraft:dark_oak_planks":2,"minecraft:tnt":14,"minecraft:spruce_planks":2,"minecraft:crossbow":1,"minecraft:beef":8,"minecraft:stone_pickaxe":1,"werewolves:cracked_bone":1,"minecraft:oak_sapling":1,"twigs:twig":3,"minecraft:oak_planks":1,"minecraft:cobblestone":31,"minecraft:egg":1},"minecraft:custom":{"minecraft:time_since_rest":1,"minecraft:sprint_one_cm":46085,"minecraft:damage_taken":1002,"minecraft:walk_one_cm":30325,"minecraft:mob_kills":4,"minecraft:drop":5,"minecraft:damage_dealt":717,"minecraft:open_barrel":3,"minecraft:swim_one_cm":27689,"minecraft:interact_with_crafting_table":4,"minecraft:tune_noteblock":2,"minecraft:fly_one_cm":88005,"minecraft:open_chest":7,"minecraft:crouch_one_cm":3366,"tombstone:undead_killed":1,"minecraft:play_time":18952,"minecraft:deaths":3,"minecraft:sneak_time":1390,"minecraft:walk_under_water_one_cm":1423,"minecraft:boat_one_cm":22435,"minecraft:jump":312,"minecraft:leave_game":2,"minecraft:time_since_death":840,"minecraft:walk_on_water_one_cm":2179,"minecraft:climb_one_cm":6252,"minecraft:total_world_time":18952,"minecraft:fall_one_cm":4820},"minecraft:dropped":{"minecraft:oak_sapling":1,"tombstone:grave_dust":2,"minecraft:prismarine_slab":1,"twigs:twig":3},"minecraft:used":{"minecraft:stone_sword":17,"minecraft:bread":1,"minecraft:stone_pickaxe":10,"minecraft:wooden_pickaxe":24,"minecraft:stone_axe":25,"twigs:bronzed_seashell":1,"minecraft:dirt":5,"minecraft:cobblestone":25,"minecraft:beef":8,"tombstone:gift":2,"minecraft:potato":1},"minecraft:crafted":{"minecraft:oak_planks":20,"minecraft:stick":8,"minecraft:wooden_pickaxe":1,"minecraft:stone_sword":1,"minecraft:stone_axe":1},"minecraft:killed":{"minecraft:skeleton":1,"minecraft:cow":3},"minecraft:mined":{"minecraft:dark_oak_planks":2,"minecraft:oak_slab":1,"minecraft:spruce_planks":2,"minecraft:mossy_cobblestone":1,"minecraft:birch_leaves":1,"minecraft:tnt":14,"minecraft:black_bed":1,"twigs:bronzed_seashell":1,"minecraft:grass":2,"minecraft:prismarine_slab":1,"minecraft:grass_block":3,"minecraft:oak_log":5,"minecraft:oak_stairs":1,"minecraft:sand":1,"minecraft:dirt":4,"minecraft:cobblestone":7,"minecraft:stone":24,"minecraft:oak_planks":2,"minecraft:oak_leaves":2}},"DataVersion":3465}