{"stats":{"minecraft:killed_by":{"irons_spellbooks:necromancer":1},"minecraft:picked_up":{"minecraft:stone_pickaxe":1,"minecraft:oak_log":5,"tombstone:grave_dust":1,"minecraft:oak_sapling":1,"twigs:twig":3,"minecraft:dirt":7,"minecraft:cobblestone":24},"minecraft:custom":{"minecraft:time_since_rest":6529,"minecraft:crouch_one_cm":2353,"minecraft:sprint_one_cm":5273,"minecraft:play_time":6952,"minecraft:deaths":1,"minecraft:damage_taken":300,"minecraft:walk_one_cm":7360,"minecraft:sneak_time":1009,"minecraft:drop":4,"minecraft:jump":71,"minecraft:damage_dealt":18,"minecraft:leave_game":2,"minecraft:time_since_death":6687,"minecraft:total_world_time":6952,"minecraft:interact_with_crafting_table":4,"minecraft:fall_one_cm":2463,"minecraft:fly_one_cm":15285},"minecraft:dropped":{"tombstone:grave_dust":2,"twigs:twig":3,"minecraft:oak_sapling":1},"minecraft:used":{"tombstone:gift":2,"minecraft:wooden_pickaxe":24},"minecraft:crafted":{"minecraft:stone_sword":1,"minecraft:oak_planks":20,"minecraft:stone_axe":1,"minecraft:stick":8,"minecraft:wooden_pickaxe":1},"minecraft:mined":{"minecraft:grass":1,"minecraft:grass_block":3,"minecraft:oak_log":5,"minecraft:dirt":4,"minecraft:stone":24,"minecraft:birch_leaves":1,"minecraft:oak_leaves":2}},"DataVersion":3465}