{"stats":{"minecraft:killed_by":{"minecraft:pillager":3,"irons_spellbooks:necromancer":1,"minecraft:skeleton":1},"minecraft:picked_up":{"minecraft:iron_chestplate":3,"artifacts:night_vision_goggles":1,"minecraft:clay_ball":4,"minecraft:brown_mushroom":4,"minecraft:lead":3,"aether:iron_gloves":2,"minecraft:oak_stairs":1,"rustic_engineer:book_spidermech":2,"minecraft:shield":1,"minecraft:string":4,"minecraft:waxed_cut_copper_slab":1,"vampirism:obi_belt":2,"minecraft:diamond_leggings":1,"mysticalagriculture:inferium_essence":2,"minecraft:smooth_stone":2,"minecraft:spruce_planks":5,"minecraft:beef":16,"minecraft:oak_boat":5,"minecraft:calcite":9,"tombstone:tablet_of_assistance":1,"minecraft:coal_block":2,"minecraft:spruce_trapdoor":1,"minecraft:mangrove_log":6,"minecraft:egg":1,"minecraft:golden_helmet":1,"minecraft:stripped_crimson_hyphae":1,"minecraft:raw_iron":8,"minecraft:stripped_mangrove_wood":2,"minecraft:glow_item_frame":1,"minecraft:torch":1,"sophisticatedbackpacks:backpack":1,"minecraft:porkchop":2,"werewolves:raw_silver":1,"tombstone:grave_dust":1,"minecraft:diorite":2,"minecraft:carrot":15,"vampirism:amulet":1,"minecraft:dark_oak_planks":6,"minecraft:tnt":14,"minecraft:stone_sword":1,"minecraft:diamond_chestplate":1,"minecraft:diamond_boots":1,"quark:indigo_corundum_cluster":1,"minecraft:cobblestone":47,"minecraft:nautilus_shell":1,"vampirism:vampire_book":1,"minecraft:prismarine_slab":1,"minecraft:black_bed":1,"minecraft:leather":7,"minecraft:potato":1,"biomesoplenty:dead_log":1,"werewolves:dream_catcher":1,"minecraft:oak_log":7,"minecraft:gunpowder":24,"minecraft:dirt":12,"minecraft:blue_bed":8,"minecraft:lantern":1,"minecraft:cooked_mutton":1,"minecraft:wheat_seeds":1,"minecraft:stone_pickaxe":1,"minecraft:diamond_helmet":1,"twigs:twig":3,"minecraft:oak_planks":11,"sophisticatedbackpacks:diamond_backpack":1,"minecraft:oak_slab":8,"twigs:bronzed_seashell":1,"minecraft:sand":1,"minecraft:blast_furnace":3,"minecraft:ink_sac":3,"minecraft:nether_brick_slab":4,"minecraft:mossy_cobblestone":1,"minecraft:spruce_boat":2,"minecraft:stone_axe":1,"minecraft:crossbow":1,"minecraft:golden_apple":1,"werewolves:cracked_bone":1,"minecraft:oak_sapling":1,"minecraft:coal":5,"minecraft:diamond_pickaxe":1},"minecraft:crafted":{"minecraft:oak_planks":28,"biomesoplenty:dead_planks":4,"sophisticatedbackpacks:backpack":1,"minecraft:crafting_table":3,"minecraft:wooden_pickaxe":1,"minecraft:mangrove_planks":24,"minecraft:stone_axe":1,"minecraft:oak_boat":1,"minecraft:stick":12,"minecraft:stone_sword":2,"quark:mangrove_chest":1},"minecraft:mined":{"minecraft:dark_oak_planks":5,"minecraft:waxed_cut_copper_slab":2,"minecraft:spruce_planks":5,"minecraft:mossy_cobblestone":1,"minecraft:spruce_trapdoor":1,"minecraft:ladder":4,"minecraft:stripped_crimson_hyphae":1,"minecraft:grass_block":4,"minecraft:coal_block":3,"minecraft:smooth_stone":2,"minecraft:iron_ore":8,"twigs:bronzed_seashell":1,"minecraft:oak_stairs":1,"minecraft:lantern":1,"minecraft:stone":29,"minecraft:stripped_mangrove_wood":2,"minecraft:oak_slab":5,"minecraft:clay":1,"minecraft:blast_furnace":3,"minecraft:prismarine_slab":1,"minecraft:calcite":9,"minecraft:nether_brick_slab":4,"minecraft:cobblestone":21,"biomesoplenty:sprout":6,"minecraft:oak_planks":5,"minecraft:diorite":2,"minecraft:blue_bed":8,"minecraft:wall_torch":1,"minecraft:birch_leaves":1,"minecraft:tnt":14,"minecraft:black_bed":2,"minecraft:grass":4,"biomesoplenty:dead_log":1,"minecraft:oak_log":7,"minecraft:coal_ore":5,"minecraft:sand":1,"minecraft:dirt":8,"minecraft:cobweb":4,"minecraft:mangrove_log":6,"quark:indigo_corundum_cluster":1,"minecraft:oak_leaves":2,"werewolves:silver_ore":1,"minecraft:fern":1},"minecraft:killed":{"minecraft:skeleton":1,"minecraft:pig":1,"minecraft:cow":5},"minecraft:dropped":{"vampirism:item_garlic":1,"minecraft:porkchop":2,"minecraft:stripped_mangrove_wood":2,"minecraft:golden_helmet":2,"farmersdelight:skillet":1,"vampirism:vampire_book":3,"minecraft:crossbow":1,"minecraft:iron_helmet":1,"minecraft:cobblestone":5,"minecraft:glow_item_frame":1,"tombstone:tablet_of_assistance":1,"minecraft:mangrove_planks":12,"vampirism:amulet":1,"minecraft:coal":3,"farmersdelight:rice":4,"minecraft:mushroom_stew":2,"minecraft:stick":6,"artifacts:night_vision_goggles":1,"minecraft:diorite":2,"minecraft:ink_sac":3,"quark:indigo_corundum_cluster":1,"supplementaries:bomb_blue":1,"tombstone:grave_dust":2,"irons_spellbooks:arcane_essence":10,"rustic_engineer:book_spidermech":2,"minecraft:sand":1,"minecraft:prismarine_slab":1,"minecraft:dark_oak_planks":2,"twigs:twig":3,"rustic_engineer:book_airship":2,"minecraft:waxed_cut_copper_slab":1,"minecraft:nether_brick_slab":4,"minecraft:stone_axe":1,"minecraft:stone_sword":2,"rustic_engineer:book_dragon_fly":1,"vampirism:obi_belt":3,"vampirism:holy_water_bottle_enhanced":4,"minecraft:clay_ball":4,"werewolves:raw_silver":1,"minecraft:oak_planks":3,"sophisticatedbackpacks:backpack":1,"minecraft:name_tag":2,"minecraft:cooked_mutton":1,"vampirism:heart_striker_enhanced":2,"minecraft:carrot":15,"sophisticatedbackpacks:diamond_backpack":1,"werewolves:dream_catcher":2,"minecraft:potato":2,"minecraft:gunpowder":28,"aether:iron_gloves":2,"minecraft:spruce_trapdoor":1,"minecraft:iron_chestplate":4,"mysticalagriculture:inferium_essence":2,"minecraft:oak_sapling":1,"vampirism:hunter_axe_ultimate":2,"farmersdelight:rope":15,"minecraft:stripped_crimson_hyphae":1,"minecraft:beef":8,"minecraft:calcite":9,"minecraft:nautilus_shell":1},"minecraft:used":{"minecraft:stone_sword":41,"minecraft:spruce_planks":5,"minecraft:dirt":12,"minecraft:spruce_boat":1,"minecraft:dark_oak_planks":2,"minecraft:oak_stairs":1,"minecraft:iron_helmet":1,"minecraft:beef":8,"minecraft:golden_carrot":3,"minecraft:goat_horn":1,"tombstone:gift":2,"minecraft:egg":1,"minecraft:potato":25,"minecraft:diamond_boots":1,"minecraft:stone_pickaxe":72,"minecraft:oak_planks":20,"minecraft:wooden_pickaxe":24,"minecraft:blue_bed":8,"minecraft:mossy_cobblestone":1,"minecraft:crafting_table":3,"minecraft:black_bed":1,"minecraft:apple":6,"minecraft:bread":14,"minecraft:golden_helmet":1,"minecraft:stone_axe":57,"twigs:bronzed_seashell":1,"minecraft:cobblestone":35,"minecraft:oak_boat":6,"minecraft:cobweb":4},"minecraft:custom":{"minecraft:mob_kills":7,"minecraft:interact_with_crafting_table":9,"minecraft:open_barrel":21,"minecraft:leave_game":7,"minecraft:time_since_death":89254,"minecraft:climb_one_cm":13282,"minecraft:sprint_one_cm":259862,"minecraft:walk_one_cm":144234,"minecraft:drop":87,"minecraft:play_time":114536,"minecraft:deaths":5,"minecraft:sneak_time":5398,"minecraft:walk_under_water_one_cm":15412,"minecraft:boat_one_cm":159421,"minecraft:jump":2176,"minecraft:walk_on_water_one_cm":14481,"minecraft:total_world_time":114536,"minecraft:tune_noteblock":2,"minecraft:sleep_in_bed":7,"minecraft:time_since_rest":6023,"minecraft:waystone_activated":1,"minecraft:damage_taken":2533,"minecraft:damage_dealt":1145,"minecraft:swim_one_cm":113428,"minecraft:fly_one_cm":565823,"minecraft:open_chest":20,"minecraft:crouch_one_cm":17419,"tombstone:undead_killed":1,"minecraft:fall_one_cm":52374}},"DataVersion":3465}