{"stats":{"minecraft:killed_by":{"irons_spellbooks:necromancer":1,"minecraft:skeleton":1,"minecraft:pillager":3},"minecraft:picked_up":{"minecraft:prismarine_slab":1,"minecraft:black_bed":1,"minecraft:leather":4,"minecraft:lead":3,"minecraft:oak_stairs":1,"minecraft:oak_log":5,"rustic_engineer:book_spidermech":1,"minecraft:shield":1,"minecraft:gunpowder":24,"minecraft:blue_bed":4,"minecraft:dirt":12,"minecraft:string":4,"minecraft:lantern":1,"minecraft:spruce_planks":5,"minecraft:beef":8,"minecraft:stone_pickaxe":1,"twigs:twig":3,"tombstone:tablet_of_assistance":1,"minecraft:oak_planks":11,"minecraft:egg":1,"minecraft:golden_helmet":1,"minecraft:oak_slab":8,"minecraft:stripped_crimson_hyphae":1,"minecraft:glow_item_frame":1,"minecraft:torch":1,"twigs:bronzed_seashell":1,"minecraft:sand":1,"tombstone:grave_dust":1,"minecraft:ink_sac":3,"minecraft:mossy_cobblestone":1,"minecraft:dark_oak_planks":5,"minecraft:tnt":14,"minecraft:stone_axe":1,"minecraft:spruce_boat":1,"minecraft:crossbow":1,"werewolves:cracked_bone":1,"minecraft:oak_sapling":1,"minecraft:coal":5,"minecraft:cobblestone":42},"minecraft:crafted":{"minecraft:oak_planks":20,"minecraft:crafting_table":1,"minecraft:wooden_pickaxe":1,"minecraft:stone_axe":1,"minecraft:stick":12,"minecraft:stone_sword":2},"minecraft:mined":{"minecraft:dark_oak_planks":5,"minecraft:oak_slab":5,"minecraft:spruce_planks":5,"minecraft:mossy_cobblestone":1,"minecraft:ladder":4,"minecraft:stripped_crimson_hyphae":1,"minecraft:grass_block":4,"minecraft:prismarine_slab":1,"minecraft:coal_block":1,"minecraft:cobblestone":18,"minecraft:oak_planks":5,"minecraft:blue_bed":4,"minecraft:wall_torch":1,"minecraft:birch_leaves":1,"minecraft:tnt":14,"minecraft:black_bed":2,"twigs:bronzed_seashell":1,"minecraft:grass":2,"minecraft:oak_log":5,"minecraft:coal_ore":5,"minecraft:oak_stairs":1,"minecraft:lantern":1,"minecraft:dirt":8,"minecraft:sand":1,"minecraft:cobweb":4,"minecraft:stone":24,"minecraft:oak_leaves":2},"minecraft:killed":{"minecraft:skeleton":1,"minecraft:cow":3},"minecraft:dropped":{"minecraft:stone_axe":1,"minecraft:golden_helmet":2,"minecraft:stone_sword":1,"minecraft:glow_item_frame":1,"tombstone:tablet_of_assistance":1,"minecraft:stick":6,"minecraft:gunpowder":28,"minecraft:ink_sac":3,"minecraft:oak_sapling":1,"tombstone:grave_dust":2,"minecraft:stripped_crimson_hyphae":1,"minecraft:sand":1,"minecraft:prismarine_slab":1,"twigs:twig":3},"minecraft:used":{"minecraft:stone_sword":23,"minecraft:stone_pickaxe":29,"minecraft:oak_planks":20,"minecraft:wooden_pickaxe":24,"minecraft:spruce_planks":5,"minecraft:blue_bed":3,"minecraft:mossy_cobblestone":1,"minecraft:dirt":12,"minecraft:crafting_table":1,"minecraft:black_bed":1,"minecraft:spruce_boat":1,"minecraft:dark_oak_planks":2,"minecraft:apple":3,"minecraft:oak_stairs":1,"minecraft:bread":2,"minecraft:iron_helmet":1,"minecraft:golden_carrot":3,"minecraft:golden_helmet":1,"minecraft:stone_axe":48,"twigs:bronzed_seashell":1,"minecraft:cobblestone":29,"minecraft:beef":8,"tombstone:gift":2,"minecraft:egg":1,"minecraft:potato":25,"minecraft:cobweb":4},"minecraft:custom":{"minecraft:mob_kills":4,"minecraft:interact_with_crafting_table":6,"minecraft:tune_noteblock":2,"minecraft:open_barrel":15,"minecraft:leave_game":5,"minecraft:time_since_death":39108,"minecraft:sleep_in_bed":1,"minecraft:climb_one_cm":6349,"minecraft:time_since_rest":4261,"minecraft:sprint_one_cm":105636,"minecraft:damage_taken":2226,"minecraft:walk_one_cm":75902,"minecraft:drop":24,"minecraft:damage_dealt":844,"minecraft:swim_one_cm":105618,"minecraft:fly_one_cm":191004,"minecraft:open_chest":14,"minecraft:crouch_one_cm":10545,"minecraft:play_time":64390,"tombstone:undead_killed":1,"minecraft:deaths":5,"minecraft:sneak_time":3518,"minecraft:walk_under_water_one_cm":14381,"minecraft:boat_one_cm":159421,"minecraft:jump":921,"minecraft:walk_on_water_one_cm":12010,"minecraft:total_world_time":64390,"minecraft:fall_one_cm":12799}},"DataVersion":3465}