{"stats":{"minecraft:killed_by":{"irons_spellbooks:necromancer":1,"minecraft:skeleton":1,"minecraft:pillager":3},"minecraft:picked_up":{"minecraft:prismarine_slab":1,"minecraft:black_bed":1,"minecraft:leather":4,"minecraft:lead":3,"minecraft:oak_stairs":1,"minecraft:oak_log":5,"rustic_engineer:book_spidermech":1,"minecraft:shield":1,"minecraft:dirt":12,"minecraft:lantern":1,"minecraft:spruce_planks":5,"minecraft:beef":8,"minecraft:stone_pickaxe":1,"twigs:twig":3,"minecraft:oak_planks":3,"minecraft:egg":1,"minecraft:glow_item_frame":1,"minecraft:torch":1,"twigs:bronzed_seashell":1,"minecraft:sand":1,"minecraft:ink_sac":3,"tombstone:grave_dust":1,"minecraft:mossy_cobblestone":1,"minecraft:dark_oak_planks":5,"minecraft:tnt":14,"minecraft:stone_axe":1,"minecraft:spruce_boat":1,"minecraft:crossbow":1,"werewolves:cracked_bone":1,"minecraft:oak_sapling":1,"minecraft:coal":5,"minecraft:cobblestone":37},"minecraft:custom":{"minecraft:mob_kills":4,"minecraft:interact_with_crafting_table":4,"minecraft:tune_noteblock":2,"minecraft:open_barrel":4,"minecraft:leave_game":4,"minecraft:time_since_death":19304,"minecraft:climb_one_cm":6252,"minecraft:time_since_rest":17379,"minecraft:sprint_one_cm":94694,"minecraft:damage_taken":1912,"minecraft:walk_one_cm":54411,"minecraft:drop":10,"minecraft:damage_dealt":769,"minecraft:swim_one_cm":96378,"minecraft:fly_one_cm":175112,"minecraft:open_chest":9,"minecraft:crouch_one_cm":5194,"minecraft:play_time":44586,"tombstone:undead_killed":1,"minecraft:deaths":5,"minecraft:sneak_time":2066,"minecraft:walk_under_water_one_cm":5839,"minecraft:boat_one_cm":94231,"minecraft:jump":666,"minecraft:walk_on_water_one_cm":8730,"minecraft:total_world_time":44586,"minecraft:fall_one_cm":11334},"minecraft:dropped":{"minecraft:stone_axe":1,"minecraft:stone_sword":1,"minecraft:glow_item_frame":1,"minecraft:stick":3,"minecraft:ink_sac":3,"minecraft:oak_sapling":1,"tombstone:grave_dust":2,"minecraft:prismarine_slab":1,"twigs:twig":3},"minecraft:used":{"minecraft:stone_sword":19,"minecraft:stone_pickaxe":24,"minecraft:oak_planks":11,"minecraft:wooden_pickaxe":24,"minecraft:mossy_cobblestone":1,"minecraft:dirt":12,"minecraft:black_bed":1,"minecraft:dark_oak_planks":2,"minecraft:apple":3,"minecraft:oak_stairs":1,"minecraft:bread":2,"minecraft:golden_helmet":1,"minecraft:stone_axe":33,"twigs:bronzed_seashell":1,"minecraft:cobblestone":25,"minecraft:beef":8,"tombstone:gift":2,"minecraft:egg":1,"minecraft:potato":13},"minecraft:killed":{"minecraft:skeleton":1,"minecraft:cow":3},"minecraft:crafted":{"minecraft:oak_planks":20,"minecraft:wooden_pickaxe":1,"minecraft:stone_axe":1,"minecraft:stick":8,"minecraft:stone_sword":1},"minecraft:mined":{"minecraft:dark_oak_planks":5,"minecraft:oak_slab":1,"minecraft:spruce_planks":5,"minecraft:mossy_cobblestone":1,"minecraft:grass_block":4,"minecraft:prismarine_slab":1,"minecraft:coal_block":1,"minecraft:cobblestone":13,"minecraft:oak_planks":3,"minecraft:wall_torch":1,"minecraft:birch_leaves":1,"minecraft:tnt":14,"minecraft:black_bed":2,"twigs:bronzed_seashell":1,"minecraft:grass":2,"minecraft:oak_log":5,"minecraft:coal_ore":5,"minecraft:oak_stairs":1,"minecraft:lantern":1,"minecraft:dirt":8,"minecraft:sand":1,"minecraft:stone":24,"minecraft:oak_leaves":2}},"DataVersion":3465}