{"stats":{"minecraft:killed_by":{"minecraft:pillager":3,"irons_spellbooks:necromancer":1,"minecraft:skeleton":1},"minecraft:picked_up":{"minecraft:iron_chestplate":7,"minecraft:wheat":1,"artifacts:night_vision_goggles":1,"minecraft:redstone_block":1,"minecraft:clay_ball":4,"minecraft:brown_mushroom":4,"minecraft:lead":3,"aether:iron_gloves":2,"minecraft:oak_stairs":1,"rustic_engineer:book_spidermech":2,"minecraft:shield":1,"minecraft:string":6,"minecraft:waxed_cut_copper_slab":1,"minecraft:iron_leggings":4,"minecraft:armor_stand":14,"minecraft:experience_bottle":1,"minecraft:zombie_head":1,"vampirism:obi_belt":2,"minecraft:diamond_leggings":1,"mysticalagriculture:inferium_essence":3,"minecraft:gold_nugget":5,"minecraft:smooth_stone":2,"minecraft:spruce_planks":5,"minecraft:beef":20,"minecraft:oak_boat":5,"minecraft:calcite":9,"minecraft:poppy":1,"tombstone:tablet_of_assistance":1,"minecraft:coal_block":2,"irons_spellbooks:inscription_table":1,"minecraft:spruce_trapdoor":1,"farmersdelight:cabbage_seeds":5,"minecraft:mangrove_log":6,"minecraft:iron_boots":4,"minecraft:egg":1,"minecraft:golden_helmet":7,"minecraft:stripped_crimson_hyphae":1,"minecraft:stick":1,"minecraft:raw_iron":12,"minecraft:stripped_mangrove_wood":2,"minecraft:glow_item_frame":1,"minecraft:oak_fence":1,"minecraft:torch":1,"sophisticatedbackpacks:backpack":1,"minecraft:porkchop":19,"minecraft:target":3,"werewolves:raw_silver":1,"farmersdelight:tomato_seeds":6,"tombstone:grave_dust":1,"minecraft:diorite":2,"vampirism:amulet":1,"minecraft:carrot":15,"minecraft:dark_oak_planks":6,"minecraft:tnt":14,"minecraft:stone_sword":1,"minecraft:diamond_chestplate":1,"farmersdelight:onion":7,"minecraft:diamond_boots":1,"quark:indigo_corundum_cluster":1,"minecraft:skeleton_skull":2,"minecraft:cobblestone":80,"minecraft:nautilus_shell":1,"vampirism:vampire_book":1,"minecraft:prismarine_slab":1,"minecraft:feather":1,"minecraft:black_bed":1,"minecraft:leather":7,"minecraft:golden_leggings":6,"minecraft:potato":1,"biomesoplenty:dead_log":1,"werewolves:dream_catcher":1,"minecraft:oak_log":7,"minecraft:gunpowder":24,"minecraft:blue_bed":8,"minecraft:dirt":13,"minecraft:lantern":1,"irons_spellbooks:rare_ink":2,"minecraft:cooked_mutton":1,"irons_spellbooks:common_ink":8,"minecraft:wheat_seeds":8,"minecraft:iron_ingot":4,"minecraft:stone_pickaxe":1,"minecraft:tall_grass":1,"minecraft:diamond_helmet":1,"twigs:twig":3,"minecraft:oak_planks":11,"minecraft:acacia_sapling":6,"sophisticatedbackpacks:diamond_backpack":1,"minecraft:oak_slab":8,"minecraft:dandelion":1,"twigs:bronzed_seashell":1,"minecraft:sand":1,"minecraft:blast_furnace":3,"minecraft:ink_sac":3,"minecraft:nether_brick_slab":4,"quark:oak_chest":8,"minecraft:mossy_cobblestone":1,"minecraft:spruce_boat":2,"minecraft:stone_axe":3,"minecraft:iron_helmet":4,"minecraft:crossbow":1,"minecraft:golden_apple":1,"werewolves:cracked_bone":1,"minecraft:oak_sapling":4,"minecraft:coal":5,"minecraft:diamond_pickaxe":1},"minecraft:crafted":{"minecraft:oak_planks":28,"sophisticatedbackpacks:iron_backpack":1,"biomesoplenty:dead_planks":4,"sophisticatedbackpacks:backpack":1,"minecraft:crafting_table":3,"minecraft:wooden_pickaxe":1,"sophisticatedbackpacks:gold_backpack":1,"minecraft:mangrove_planks":24,"minecraft:stone_axe":1,"minecraft:oak_boat":1,"minecraft:stick":12,"minecraft:stone_sword":2,"quark:mangrove_chest":1},"minecraft:mined":{"minecraft:waxed_cut_copper_slab":2,"minecraft:spruce_planks":5,"minecraft:mossy_cobblestone":1,"minecraft:spruce_trapdoor":1,"minecraft:ladder":4,"minecraft:stripped_crimson_hyphae":1,"minecraft:grass_block":5,"minecraft:redstone_wire":1,"minecraft:coal_block":3,"minecraft:smooth_stone":2,"minecraft:iron_ore":12,"minecraft:target":3,"twigs:bronzed_seashell":1,"minecraft:oak_stairs":1,"minecraft:lantern":1,"minecraft:stripped_mangrove_wood":2,"irons_spellbooks:inscription_table":1,"minecraft:stone":59,"minecraft:oak_slab":5,"minecraft:redstone_block":1,"quark:oak_chest":8,"minecraft:oak_fence":1,"minecraft:clay":1,"minecraft:prismarine_slab":1,"minecraft:blast_furnace":3,"minecraft:calcite":9,"minecraft:nether_brick_slab":4,"minecraft:cobblestone":24,"biomesoplenty:sprout":6,"minecraft:oak_planks":5,"minecraft:diorite":2,"minecraft:blue_bed":8,"minecraft:wall_torch":1,"minecraft:skeleton_skull":2,"minecraft:birch_leaves":1,"minecraft:black_bed":2,"minecraft:tnt":14,"minecraft:grass":4,"biomesoplenty:dead_log":1,"minecraft:coal_ore":5,"minecraft:oak_log":7,"minecraft:zombie_head":1,"minecraft:sand":2,"minecraft:dirt":8,"minecraft:mangrove_log":6,"minecraft:cobweb":6,"quark:indigo_corundum_cluster":1,"minecraft:oak_leaves":2,"werewolves:silver_ore":1,"minecraft:fern":1,"minecraft:dark_oak_planks":5},"minecraft:killed":{"vampirism:vampire":2,"undead_revamp2:theimmortal":1,"minecraft:skeleton":1,"minecraft:pig":7,"minecraft:iron_golem":1,"minecraft:cow":5},"minecraft:dropped":{"vampirism:item_garlic":1,"farmersdelight:tomato_seeds":6,"irons_spellbooks:rare_ink":2,"minecraft:porkchop":2,"minecraft:stripped_mangrove_wood":2,"minecraft:wheat_seeds":7,"minecraft:golden_helmet":6,"farmersdelight:skillet":1,"vampirism:vampire_book":3,"minecraft:crossbow":1,"minecraft:iron_helmet":1,"minecraft:feather":1,"minecraft:cobblestone":5,"minecraft:glow_item_frame":1,"tombstone:tablet_of_assistance":1,"minecraft:mangrove_planks":12,"vampirism:amulet":1,"minecraft:coal":3,"farmersdelight:rice":4,"minecraft:mushroom_stew":2,"minecraft:stick":7,"artifacts:night_vision_goggles":1,"minecraft:diorite":2,"minecraft:ink_sac":3,"quark:indigo_corundum_cluster":1,"supplementaries:bomb_blue":1,"tombstone:grave_dust":2,"irons_spellbooks:arcane_essence":10,"farmersdelight:onion":7,"minecraft:gold_nugget":5,"rustic_engineer:book_spidermech":2,"irons_spellbooks:common_ink":8,"minecraft:sand":1,"minecraft:prismarine_slab":1,"minecraft:dark_oak_planks":2,"twigs:twig":3,"minecraft:dandelion":1,"rustic_engineer:book_airship":2,"minecraft:waxed_cut_copper_slab":1,"minecraft:nether_brick_slab":4,"minecraft:stone_axe":3,"minecraft:stone_sword":2,"rustic_engineer:book_dragon_fly":1,"vampirism:obi_belt":3,"minecraft:raw_iron":4,"minecraft:wheat":1,"farmersdelight:cabbage_seeds":5,"minecraft:tall_grass":1,"vampirism:holy_water_bottle_enhanced":4,"minecraft:clay_ball":4,"werewolves:raw_silver":1,"minecraft:oak_planks":3,"sophisticatedbackpacks:backpack":1,"minecraft:name_tag":2,"minecraft:cooked_mutton":1,"vampirism:heart_striker_enhanced":2,"minecraft:carrot":15,"sophisticatedbackpacks:diamond_backpack":1,"werewolves:dream_catcher":2,"minecraft:poppy":1,"minecraft:potato":2,"minecraft:gunpowder":28,"aether:iron_gloves":2,"minecraft:spruce_trapdoor":1,"minecraft:iron_chestplate":4,"mysticalagriculture:inferium_essence":3,"minecraft:golden_leggings":2,"minecraft:acacia_sapling":6,"minecraft:oak_sapling":4,"vampirism:hunter_axe_ultimate":2,"farmersdelight:rope":15,"minecraft:stripped_crimson_hyphae":1,"minecraft:beef":12,"minecraft:calcite":9,"minecraft:nautilus_shell":1},"minecraft:used":{"minecraft:oak_fence":1,"minecraft:stone_sword":70,"minecraft:armor_stand":3,"minecraft:shield":3,"minecraft:spruce_planks":5,"minecraft:dirt":13,"minecraft:spruce_boat":1,"minecraft:dark_oak_planks":2,"minecraft:oak_stairs":1,"minecraft:iron_helmet":1,"minecraft:beef":8,"minecraft:golden_carrot":3,"minecraft:goat_horn":1,"tombstone:gift":2,"minecraft:egg":1,"minecraft:potato":25,"minecraft:diamond_boots":1,"minecraft:stone_pickaxe":120,"minecraft:oak_planks":20,"minecraft:wooden_pickaxe":24,"minecraft:blue_bed":8,"minecraft:mossy_cobblestone":1,"minecraft:crafting_table":3,"minecraft:black_bed":1,"minecraft:diamond_pickaxe":8,"minecraft:apple":6,"minecraft:bread":20,"minecraft:golden_helmet":1,"minecraft:stone_axe":90,"twigs:bronzed_seashell":1,"minecraft:cobblestone":65,"minecraft:oak_boat":6,"minecraft:cobweb":4,"minecraft:experience_bottle":1},"minecraft:custom":{"minecraft:mob_kills":17,"minecraft:interact_with_crafting_table":13,"minecraft:open_barrel":21,"minecraft:damage_dealt_resisted":259,"minecraft:leave_game":9,"minecraft:time_since_death":115286,"minecraft:climb_one_cm":17143,"minecraft:sprint_one_cm":358890,"minecraft:walk_one_cm":200383,"minecraft:damage_blocked_by_shield":165,"minecraft:drop":125,"minecraft:play_time":140568,"minecraft:deaths":5,"minecraft:sneak_time":6274,"minecraft:walk_under_water_one_cm":15730,"minecraft:boat_one_cm":159421,"minecraft:jump":2646,"minecraft:walk_on_water_one_cm":15161,"minecraft:total_world_time":140568,"minecraft:interact_with_furnace":4,"minecraft:tune_noteblock":2,"minecraft:sleep_in_bed":9,"minecraft:time_since_rest":9986,"minecraft:waystone_activated":1,"minecraft:damage_taken":2655,"minecraft:damage_dealt":3852,"minecraft:swim_one_cm":116483,"minecraft:fly_one_cm":660386,"minecraft:open_chest":41,"minecraft:crouch_one_cm":18046,"tombstone:undead_killed":2,"minecraft:fall_one_cm":61957},"minecraft:broken":{"minecraft:stone_pickaxe":1}},"DataVersion":3465}